,BlockName,Category,CreatedOn,Crop,DistrictName,KCCAns,QueryText,QueryType,Season,Sector,StateName
0,TIRTOL                                            ,Others,2017-01-01 13:23:27.843,Others,JAGATSINGHAPUR,NO RAINFALL OCCURS FROM 1ST JANUARY TO 7TH JANUARY IN JAGATSINGHPUR DIST,RAINFALL FORECAST IN JAGATSINGHPUR DIST,Weather,RABI,AGRICULTURE,ODISHA
1,JAGATSINGHPUR                                     ,Vegetables,2017-01-02 15:14:17.897,Chillies,JAGATSINGHAPUR,SPRAY ABAMECTIN 1ML/1LITRE OF WATER,LEAF CURL,	Plant Protection	,RABI,HORTICULTURE,ODISHA
2,BIRIDI                                            ,Vegetables,2017-01-02 19:56:57.320,Onion,JAGATSINGHAPUR,SEED RATE -4KG/ACRE,SEED RATE,Cultural Practices,RABI,HORTICULTURE,ODISHA
3,TIRTOL                                            ,Pulses,2017-01-02 20:51:26.067,Green Gram (Moong Bean/ Moong),JAGATSINGHAPUR,RECOMMENDED TO SPRAY FANTAC PLUS 7ML/15 LIT WATER AT AFTERNOON,FLOWERING HORMONE IN MOONG,Cultural Practices	,RABI,AGRICULTURE,ODISHA
4,NAUGAON                                           ,Oilseeds,2017-01-03 17:32:24.630,Groundnut (pea nut/mung phalli),JAGATSINGHAPUR,APPLY CARBOFURAN 3G @ 8KG./ACRE FOR NEMATODE INFESTATION IN GROUNDNUT,NEMATODE INFESTATION IN GROUNDNUT,	Plant Protection	,RABI,AGRICULTURE,ODISHA
5,NAUGAON                                           ,Vegetables,2017-01-04 13:46:37.403,Bitter Gourd,JAGATSINGHAPUR,SPRAY BOOM FLOWER 2ML/1LITRE OF WATER,FOR MORE FLOWER,Cultural Practices,RABI,HORTICULTURE,ODISHA
6,BALIKUDA                                          ,Vegetables,2017-01-04 14:52:45.400,Chillies,JAGATSINGHAPUR,"FIRST APPLICATION – 10-15 DAYS AFTER SOWING/TRANSPLANTING
SECOND APPLICATION – 20-30 DAYS AFTER FIRST APPLICATION.",DOSE OF DHANZYME GOLD  GRANULES,Cultural Practices,RABI,HORTICULTURE,ODISHA
7,BALIKUDA                                          ,Vegetables,2017-01-04 14:55:10.970,Brinjal,JAGATSINGHAPUR,VNR-LONG PURPLE,VARIETY OF BRINJAL,Cultural Practices,RABI,HORTICULTURE,ODISHA
8,ERASAMA                                           ,Medicinal and Aromatic Plants,2017-01-05 07:03:23.713,Betel Vine,JAGATSINGHAPUR,RECOMMENDED TO SPRAY VIPUAL BOOSTER 2ML/ LIT WATER FOR BETTER GROWTH AND YIELD IN BETEL VINE,FOR BETTER GROWTH AND YIELD IN BETEL VINE,Cultural Practices,RABI,HORTICULTURE,ODISHA
9,BALIKUDA                                          ,Pulses,2017-01-05 11:13:48.123,Black Gram (urd bean),JAGATSINGHAPUR,RECOMMENDED TO SPRAY MULTI-K 7.5 GM/ LIT WATER FOR BETTER GROWTH AND YIELD IN BLACKGRAM,FOR BETTER GROWTH AND YIELD IN BLACKGRAM,Cultural Practices	,RABI,AGRICULTURE,ODISHA
10,TIRTOL                                            ,Vegetables,2017-01-06 17:48:52.080,Mushroom,JAGATSINGHAPUR,CONTACT YOUR KVK FOR MUSHROOM TRAINING,MUSHROOM TRAINING,Government Schemes,RABI,HORTICULTURE,ODISHA
11,BIRIDI                                            ,Vegetables,2017-01-07 16:55:04.967,Chillies,JAGATSINGHAPUR,APPLY DAP @ 30KG + MOP @ 27KG/ACRE AS FERTILIZER IN CHILLI,FERTILIZER IN CHILLI,Fertilizer Use and Availability,RABI,HORTICULTURE,ODISHA
12,JAGATSINGHPUR                                     ,Vegetables,2017-01-07 17:12:27.350,Cucumber,JAGATSINGHAPUR,"MAHY SEDONA,MAHY SYLVIA",VARIETY OF CUCUMBER,Cultural Practices,RABI,HORTICULTURE,ODISHA
13,TIRTOL                                            ,Others,2017-01-07 20:02:20.897,Others,JAGATSINGHAPUR,THERE IS NO RAIN WITHIN 24HOURS AS PER IMD REPORT,WEATHER REPORT,Weather,RABI,AGRICULTURE,ODISHA
14,ERASAMA                                           ,Others,2017-01-08 17:21:08.540,Others,JAGATSINGHAPUR,IT HELPS IN VEGETATIVE GROWTH OF PLANT,USE OF UREA,	Plant Protection	,RABI,AGRICULTURE,ODISHA
15,BALIKUDA                                          ,Vegetables,2017-01-08 17:37:48.770,Cauliflower,JAGATSINGHAPUR,TRANSPLANT 30 TO 40 DAYS OLD SEEDLINGS,TRANSPLANTING TIME OF CAULIFLOWER,	Plant Protection	,RABI,HORTICULTURE,ODISHA
16,KUJANG                                            ,Vegetables,2017-01-09 09:14:30.053,Beans ,JAGATSINGHAPUR,RECOMMENDED TO SPRAY SAAF 2ML/LIT WATER FOR CONTROL OF ROOT ROT DISEASES,ROOT ROT DISEASES,	Plant Protection	,RABI,HORTICULTURE,ODISHA
17,BALIKUDA                                          ,Vegetables,2017-01-09 15:28:02.640,Brinjal,JAGATSINGHAPUR,SPRAY IMIDACLOPRID @ 5ML/15LIT WATER FOR SUCKING PEST IN BRINJAL,SUCKING PEST IN BRINJAL,	Plant Protection	,RABI,HORTICULTURE,ODISHA
18,ERASAMA                                           ,Vegetables,2017-01-10 15:44:06.950,Bhindi(Okra/Ladysfinger),JAGATSINGHAPUR,SPRAY IMIDACHLOPRID 1ML/3LITRES OF WATER,LEAF CURL,	Plant Protection	,RABI,HORTICULTURE,ODISHA
19,TIRTOL                                            ,Others,2017-01-10 16:26:49.420,Others,JAGATSINGHAPUR,THERE IS NO RAIN WITHIN 24HOURS AS PER IMD REPORT,WEATHER REPORT,Weather,RABI,AGRICULTURE,ODISHA
20,RAGHUNATHPUR                                      ,Vegetables,2017-01-10 17:07:06.247,Pumpkin,JAGATSINGHAPUR,"VARIETY OF PUMPKIN---BAIDYABATI,GUAMALA,ARKACHDAN,PUSABISWAS",VARIETY OF PUMPKIN,Cultural Practices,RABI,HORTICULTURE,ODISHA
21,RAGHUNATHPUR                                      ,Vegetables,2017-01-10 18:20:00.653,Pointed Gourd,JAGATSINGHAPUR,SPRAY MULTI K 5GMS/1LITRE OF WATER,FERTILISER FOR SPRAY,Fertilizer Use and Availability,RABI,HORTICULTURE,ODISHA
22,JAGATSINGHPUR                                     ,Vegetables,2017-01-10 19:53:50.120,Beans ,JAGATSINGHAPUR,RECOMMENDED TO SPRAY CHLOROPYRIPHOUS 2ML/ LIT WATER FOR CONTROL OF LEAF EATING CATER PILLAR IN BEANS,LEAF EATING CATER PILLAR IN BEANS,	Plant Protection	,RABI,HORTICULTURE,ODISHA
23,KUJANG                                            ,Vegetables,2017-01-11 16:37:47.000,Bhindi(Okra/Ladysfinger),JAGATSINGHAPUR,RECOMMENDED TO SPRAY IMIDACHLOPRID 1ML/3LIT WATER,WHITE FLY IN OKRA,	Plant Protection	,RABI,HORTICULTURE,ODISHA
24,KUJANG                                            ,Vegetables,2017-01-11 16:41:52.097,Cabbage,JAGATSINGHAPUR,RECOMMENDED TO SPRAY SPINOSAD 5 ML / 15 LIT WATER,DIAMONDBACK MOTH IN CABBAGE,	Plant Protection	,RABI,HORTICULTURE,ODISHA
25,JAGATSINGHPUR                                     ,Vegetables,2017-01-12 11:13:43.033,Drum Stick,JAGATSINGHAPUR,RECOMMENDED TO SPRAY PLANOFIX 1ML/ 5 LIT WATER FOR CONTROL OF FLOWER DROP IN DRUM STICK,FLOWER DROP IN DRUM STICK,Cultural Practices,RABI,HORTICULTURE,ODISHA
26,BALIKUDA                                          ,Inland,2017-01-13 13:45:19.633,Fresh Water,JAGATSINGHAPUR,CONTACT EXPERT,POND MANAGEMENT,"Tank, Pond and Reservoir Management",RABI,FISHERIES,ODISHA
27,BIRIDI                                            ,Fruits,2017-01-13 18:41:35.137,Papaya,JAGATSINGHAPUR,SPRAY FANTAC PLUS @ 1ML/1LIT WATER FOR FRUIT DROP IN PAPAYA,FRUIT DROP IN PAPAYA,	Plant Protection	,RABI,HORTICULTURE,ODISHA
28,ERASAMA                                           ,Oilseeds,2017-01-16 08:36:26.510,Sunflower (suryamukhi),JAGATSINGHAPUR,"VARIETY OF SUNFLOWER --SUNRISE,MOREDEN,JAWALAMUKHI,P.A.C-36",VARIETY OF SUNFLOWER,Cultural Practices	,RABI,AGRICULTURE,ODISHA
29,BALIKUDA                                          ,Vegetables,2017-01-19 09:21:58.117,Pumpkin,JAGATSINGHAPUR,"VARIETY OF PUMPKIN---BAIDYBATI,GUAMALA,ARKACHANDAN,PUSA BISWAS",VARIETY OF PUMPKIN,Cultural Practices,RABI,HORTICULTURE,ODISHA
30,BALIKUDA                                          ,Vegetables,2017-01-19 09:27:51.903,Brinjal,JAGATSINGHAPUR,RECOMMENDED TO SPRAY COPPER OXICHLORIDE 30 GM+STREPTOCYCLIN 1.5 GM WITH 10 LIT WATER FOR CONTROL OF WILTING DISEASES DISEASES IN BRINJAL,WILTING DISEASES DISEASES IN BRINJAL,	Plant Protection	,RABI,HORTICULTURE,ODISHA
31,BALIKUDA                                          ,Vegetables,2017-01-19 09:32:52.277,Brinjal,JAGATSINGHAPUR,RECOMMENDED TO SPRAY COPPER OXICHLORIDE 30 GM + STREPTOCYCLIN 1.5 GM WITH 10 LIT WATER FOR CONTROL OF WILTING DISEASES  IN BRINJAL,WILTING DISEASES  IN BRINJAL,	Plant Protection	,RABI,HORTICULTURE,ODISHA
32,BALIKUDA                                          ,Others,2017-01-19 14:06:40.580,Others,JAGATSINGHAPUR,NO RAINFALL IN NEXT 4 DAYS-WEATHER REPORT BALIKUDA,WEATHER REPORT BALIKUDA,Weather,RABI,AGRICULTURE,ODISHA
33,ERASAMA                                           ,Others,2017-01-19 16:11:25.980,Others,JAGATSINGHAPUR,"APPLY 2,4-D @ 500 GRAM / ACRE",ALGAL BLOOM IN PADDY,Weed Management,RABI,AGRICULTURE,ODISHA
34,NAUGAON                                           ,Pulses,2017-01-19 18:15:58.630,Black Gram (urd bean),JAGATSINGHAPUR,SPRAY IMIDACHLOPRID 1ML/3LITRES OF WATER,LEAF CURL,	Plant Protection	,RABI,AGRICULTURE,ODISHA
35,KUJANG                                            ,Pulses,2017-01-19 18:27:17.980,Green Gram (Moong Bean/ Moong),JAGATSINGHAPUR,RECOMMENDED TO SPRAY POLYFEED (19-19-19) @ 7 GRAM / 1 LIT OF WATER,SLOW GROWTH OF GREEN GRAM,Cultural Practices	,RABI,AGRICULTURE,ODISHA
36,BIRIDI                                            ,Pulses,2017-01-20 10:33:19.913,Black Gram (urd bean),JAGATSINGHAPUR,SPRAY POLY FEED 5GMS/1LITRE OF WATER,FERTILISER FOR SPRAY,Cultural Practices	,RABI,AGRICULTURE,ODISHA
37,BALIKUDA                                          ,Vegetables,2017-01-20 12:40:06.470,Bhindi(Okra/Ladysfinger),JAGATSINGHAPUR,SPRAY PLANOFIX 3ML + IMIDACHLOPRID 5ML/15LITRES OF WATER,FLOWER DROP,	Plant Protection	,RABI,HORTICULTURE,ODISHA
38,RAGHUNATHPUR                                      ,Vegetables,2017-01-20 16:02:01.593,Tomato,JAGATSINGHAPUR,RECOMMENDED TO SPRAY PLANOFIX  1 ML/ 5 LIT WATER FOR CONTROL OF FLOWER DROP IN TOMATO,FLOWER DROP IN TOMATO,	Plant Protection	,RABI,HORTICULTURE,ODISHA
39,JAGATSINGHPUR                                     ,Vegetables,2017-01-21 15:21:02.880,Watermelon,JAGATSINGHAPUR,SPRAY TARGA SUPER 2ML/1LITRE OF WATER,WEEDCIDE,Cultural Practices,RABI,HORTICULTURE,ODISHA
40,TIRTOL                                            ,Flowers,2017-01-22 11:37:44.923,Gerbera,JAGATSINGHAPUR,DETAIL PACKAGE OF PRACTICE EXPLAINED IN GERBERA CULTIVATION,GERBERA CULTIVATION,Cultural Practices,RABI,HORTICULTURE,ODISHA
41,KUJANG                                            ,Fruits,2017-01-23 11:11:42.753,Banana,JAGATSINGHAPUR,RECOMMENDED TO SPRAY BENOMIL 2GM/LIT WATER FOR CONTROL OF LEAF SPOT IN BANANA,LEAF SPOT IN BANANA,	Plant Protection	,RABI,HORTICULTURE,ODISHA
42,BIRIDI                                            ,Vegetables,2017-01-23 14:58:34.073,Bhindi(Okra/Ladysfinger),JAGATSINGHAPUR,RECOMMENDED TO SPRAY ROGOR 2.5 ML / 1 LIT WATER,SUCKING PEST IN OKRA,	Plant Protection	,RABI,HORTICULTURE,ODISHA
43,BALIKUDA                                          ,Vegetables,2017-01-23 19:33:56.420,Bhindi(Okra/Ladysfinger),JAGATSINGHAPUR,"VNR GREEN, VNR SUPER GREEN, VNR HARITA, VNR SOURABH",VARIETY OF OKRA,	Plant Protection	,RABI,HORTICULTURE,ODISHA
44,TIRTOL                                            ,Pulses,2017-01-24 10:10:58.253,Black Gram (urd bean),JAGATSINGHAPUR,"APPLY DAP 35KG,MOP 13KG,UREA 4KG/ACRE",FERTILISER DOSE,Fertilizer Use and Availability,RABI,AGRICULTURE,ODISHA
45,TIRTOL                                            ,Oilseeds,2017-01-24 18:40:12.857,Sunflower (suryamukhi),JAGATSINGHAPUR,"JWALAMUKHI,SUN RISE,MODERN,KBSH 1.",VARIETIES,Cultural Practices	,RABI,AGRICULTURE,ODISHA
46,JAGATSINGHPUR                                     ,Vegetables,2017-01-25 16:13:06.430,Beans ,JAGATSINGHAPUR,RECOMMENDED TO SPRAY  TATAMIDA 1ML/ 3 LIT WATER FOR CONTROL OF SUCKING PEST IN BEANS,SUCKING PEST IN BEANS,	Plant Protection	,RABI,HORTICULTURE,ODISHA
47,BALIKUDA                                          ,Vegetables,2017-01-25 18:27:44.323,Potato,JAGATSINGHAPUR,RECOMMENDED TO SPRAY COPPER OXICHLORIDE 30 GM + STREPTOCYCLIN 1.5 GM/ LIT WATER FOR CONTROL OF WILTING DISEASES  IN POTATO,WILTING DISEASES  IN POTATO,	Plant Protection	,RABI,HORTICULTURE,ODISHA
48,BALIKUDA                                          ,Vegetables,2017-01-26 09:25:20.217,Pumpkin,JAGATSINGHAPUR,RECOMMENDED TO SPRAY THIOMETHOXAM 5 GM/10 LIT WATER FOR CONTROL OF WHITE FLIES IN PUMPKIN,WHITE FLIES IN PUMPKIN,	Plant Protection	,RABI,HORTICULTURE,ODISHA
49,KUJANG                                            ,Vegetables,2017-01-26 18:23:19.213,Brinjal,JAGATSINGHAPUR,SPRAY SPINOSAD 1ML/3LITRES OF WATER,FRUIT BORER,	Plant Protection	,RABI,HORTICULTURE,ODISHA
50,NAUGAON                                           ,Fruits,2017-01-28 11:11:11.980,Mango,JAGATSINGHAPUR,SPRAY PLANOFIX 3ML + IMIDACHLOPRID 5ML/15LITRES OF WATER,FLOWER DROP,	Plant Protection	,RABI,HORTICULTURE,ODISHA
51,ERASAMA                                           ,Vegetables,2017-01-28 16:05:15.840,Bhindi(Okra/Ladysfinger),JAGATSINGHAPUR,"APPLY N 16KG,P 16KG,K 16KG/ACRE",BASAL FERTILISER DOSE,Fertilizer Use and Availability,RABI,HORTICULTURE,ODISHA
52,KUJANG                                            ,Vegetables,2017-01-30 12:23:41.703,Onion,JAGATSINGHAPUR,SPRAY PLANTOMYCIN 1GM + COPER OXYCHLORIDE 2GMS/1LITRE OF WATER,LEAF BURN,	Plant Protection	,RABI,HORTICULTURE,ODISHA
53,BIRIDI                                            ,Vegetables,2017-01-30 15:08:27.587,Cucumber,JAGATSINGHAPUR,SPRAY SPINOSAD 1ML/3LITRES OF WATER,LEAF CURL,	Plant Protection	,RABI,HORTICULTURE,ODISHA
54,KUJANG                                            ,Vegetables,2017-01-30 15:40:30.520,Mushroom,JAGATSINGHAPUR,"CONTACT OUAT,PH NO 9938225087",TRAINING,Training and Exposure Visits,RABI,HORTICULTURE,ODISHA
55,BIRIDI                                            ,Others,2017-01-30 17:02:47.417,Others,JAGATSINGHAPUR,NO RAINFALL IN NEXT 5 DAYS-WEATHER REPORT JAGATSINGPUR,WEATHER REPORT JAGATSINGPUR,Weather,RABI,AGRICULTURE,ODISHA
56,TIRTOL                                            ,Inland,2017-01-30 18:43:12.230,Cold Water,JAGATSINGHAPUR,CONTACT WITH ASST FISHERY OFFICER,FISHERY QUERY,Fishery Nutrition,RABI,FISHERIES,ODISHA
57,BIRIDI                                            ,Vegetables,2017-01-31 18:57:54.260,Mushroom,JAGATSINGHAPUR,"CONTACT OUAT,PH NO 9938225087",REGARDING TRAINING,Training and Exposure Visits,RABI,HORTICULTURE,ODISHA
58,BIRIDI                                            ,Animal,2017-02-01 07:32:31.120,"Bovine(Cow,Buffalo)",JAGATSINGHAPUR,CONTACT BVO OF YOUR BLOCK,DISEASE,Disease Reporting,RABI,ANIMAL HUSBANDRY,ODISHA
59,ERASAMA                                           ,Others,2017-02-03 16:41:28.240,Others,JAGATSINGHAPUR,NO RAINFALL OCCURS FROM 3RD FEBUARY TO 9TH FEBUARY IN JAGATSINGHPUR DIST,RAINFALL FORECAST IN JAGATSINGHPUR DIST,Weather,RABI,AGRICULTURE,ODISHA
60,RAGHUNATHPUR                                      ,Vegetables,2017-02-03 19:39:46.733,Pumpkin,JAGATSINGHAPUR,RECOMMENDED TO SPRAY SAAF 2GM/ LIT WATER FOR CONTROL OF ROOT ROT DISEASES IN PUMPKIN,ROOT ROT DISEASES IN PUMPKIN,	Plant Protection	,RABI,HORTICULTURE,ODISHA
61,ERASAMA                                           ,Oilseeds,2017-02-03 20:10:52.377,Groundnut (pea nut/mung phalli),JAGATSINGHAPUR,2LAKH/UNIT-GROUNDNUT SHELLING MACHINE PRICE,GROUNDNUT SHELLING MACHINE PRICE,Bio-Pesticides and Bio-Fertilizers,RABI,AGRICULTURE,ODISHA
62,RAGHUNATHPUR                                      ,Vegetables,2017-02-03 20:43:51.960,Pumpkin,JAGATSINGHAPUR,MPH 1,PUMPKIN VARIETY,Cultural Practices,RABI,HORTICULTURE,ODISHA
63,RAGHUNATHPUR                                      ,Vegetables,2017-02-04 10:26:21.460,Pumpkin,JAGATSINGHAPUR,"APPLY N 10KG,P 12KG,K 30KG/ACRE",BASAL FERTILISER DOSE,Fertilizer Use and Availability,RABI,HORTICULTURE,ODISHA
64,TIRTOL                                            ,Vegetables,2017-02-04 11:57:47.630,White Yam,JAGATSINGHAPUR,DETAIL PACKAGE OF PRACTICE EXPLAINED IN YAM CULTIVATION,YAM CULTIVATION,Cultural Practices,RABI,HORTICULTURE,ODISHA
65,JAGATSINGHPUR                                     ,Pulses,2017-02-04 16:05:43.960,Green Gram (Moong Bean/ Moong),JAGATSINGHAPUR,RECOMMENDED TO SPRAY CHLOROPYRIPHOS 2.5 ML/ 1 LIT WATER,LEAF EATING CATERPILLAR IN MOONG,	Plant Protection	,RABI,AGRICULTURE,ODISHA
66,JAGATSINGHPUR                                     ,Pulses,2017-02-06 14:39:12.577,Green Gram (Moong Bean/ Moong),JAGATSINGHAPUR,SPRAY CHLOROPYRIPHOS 400ML/ACRE,LEAF EATING CATERPILLAR,	Plant Protection	,RABI,AGRICULTURE,ODISHA
67,TIRTOL                                            ,Others,2017-02-06 15:08:10.483,Others,JAGATSINGHAPUR,WE HAVE NOT SENT ANY MESSAGE TO YOU.,REGARDING MESSAGE,Government Schemes,RABI,AGRICULTURE,ODISHA
68,BIRIDI                                            ,Sugar and Starch Crops,2017-02-06 16:32:11.367,Sugarcane (Noble Cane),JAGATSINGHAPUR,APPLY PENDIMETHALIN @ 1330 ML / ACRE,WEED MANAGEMENT IN SUGARCANE,Weed Management,RABI,AGRICULTURE,ODISHA
69,RAGHUNATHPUR                                      ,Vegetables,2017-02-07 17:09:46.240,Brinjal,JAGATSINGHAPUR,SPRAY IMIDACHLOPRID 1ML/3LITRES OF WATER,LEAF CURL,	Plant Protection	,RABI,HORTICULTURE,ODISHA
70,JAGATSINGHPUR                                     ,Pulses,2017-02-09 17:09:03.360,Green Gram (Moong Bean/ Moong),JAGATSINGHAPUR,SPRAY IMIDACHLOPRID 1ML/3LITRES OF WATER,YELLOW MOSAIC DISEASE,	Plant Protection	,RABI,AGRICULTURE,ODISHA
71,NAUGAON                                           ,Vegetables,2017-02-10 14:21:09.070,Broccoli,JAGATSINGHAPUR,SPRAY Emamectin Benzoate 5% SG(EM-1) @ 8gm/15lit WATER FOR CHEWING PEST IN BROCCOLI,CHEWING PEST IN BROCCOLI,	Plant Protection	,RABI,HORTICULTURE,ODISHA
72,NAUGAON                                           ,Vegetables,2017-02-10 16:04:36.020,Bottle Gourd ,JAGATSINGHAPUR,MAINTAIN A SPACING OF 120CM * 120CM PLANT TO PLANT AND ROW TO ROW FOR BOTTLE GOURD,SPACING OF BOTTLEGOURD,Cultural Practices,RABI,HORTICULTURE,ODISHA
73,KUJANG                                            ,Vegetables,2017-02-11 08:21:59.177,Brinjal,JAGATSINGHAPUR,RECOMMENDED TO SPRAY FIPRONIL 2ML/ LIT WATER FOR CONTROL OF STEM BORER IN BRINJAL,STEM BORER IN BRINJAL,	Plant Protection	,RABI,HORTICULTURE,ODISHA
74,KUJANG                                            ,Vegetables,2017-02-11 08:24:56.883,Bhindi(Okra/Ladysfinger),JAGATSINGHAPUR,RECOMMENDED TO SPRAY TATAMIDA 1ML/ 3 LIT WATER FOR CONTROL OF SUCKING PEST IN BHINDI,SUCKING PEST IN BHINDI,	Plant Protection	,RABI,HORTICULTURE,ODISHA
75,JAGATSINGHPUR                                     ,Pulses,2017-02-11 11:29:02.330,Green Gram (Moong Bean/ Moong),JAGATSINGHAPUR,RECOMMENDED TO SPRAY CHLOROPYRIPHOUS 2ML/ LIT WATER FOR CONTROL OF BIHAR HAIRY CATER PILLAR,BIHAR HAIRY CATER PILLAR,	Plant Protection	,RABI,AGRICULTURE,ODISHA
76,BALIKUDA                                          ,Pulses,2017-02-11 14:04:59.020,Green Gram (Moong Bean/ Moong),JAGATSINGHAPUR,SPRAY DIMETHOET @ 2ML/1LIT WATER FOR LEAF CURLING IN GREEN GRAM,LEAF CURLING IN GREEN GRAM,	Plant Protection	,RABI,AGRICULTURE,ODISHA
77,KUJANG                                            ,Others,2017-02-12 14:27:56.550,Others,JAGATSINGHAPUR,CONTACT YOUR KVK FOR VERMICOMPOSTING TRAINING,VERMICOMPOSTING TRAINING,Fertilizer Use and Availability,RABI,AGRICULTURE,ODISHA
78,RAGHUNATHPUR                                      ,Vegetables,2017-02-12 20:35:46.443,Pumpkin,JAGATSINGHAPUR,SPRAY IMIDACHLORPRID @ 7ML/15LIT WATER FOR LEAF CURLING IN PUMPKIN,LEAF CURLING IN PUMPKIN,	Plant Protection	,RABI,HORTICULTURE,ODISHA
79,RAGHUNATHPUR                                      ,Vegetables,2017-02-13 14:43:59.637,Cucumber,JAGATSINGHAPUR,SPRAY SPINOSAD 1ML/3LITRES OF WATER,FRUIT BORER,	Plant Protection	,RABI,HORTICULTURE,ODISHA
80,RAGHUNATHPUR                                      ,Vegetables,2017-02-13 16:09:00.670,Pointed Gourd,JAGATSINGHAPUR,SPRAY UREA @ 7GM/1LIT WATER FOR YELLOWING OF  LOWER LEAF OF POINTEDGOURD,YELLOWING OF  LOWER LEAF OF POINTEDGOURD,Fertilizer Use and Availability,RABI,HORTICULTURE,ODISHA
81,JAGATSINGHPUR                                     ,Inland,2017-02-13 18:28:30.410,Fresh Water,JAGATSINGHAPUR,CONTACT AFO OF YOUR BLOCK FOR GOVT SCHEMES AND SUBSIDIES,GOVT SCHEMES AND SUBSIDIES,Fish Dressing   Drying,RABI,FISHERIES,ODISHA
82,RAGHUNATHPUR                                      ,Vegetables,2017-02-14 18:43:17.563,Pumpkin,JAGATSINGHAPUR,3KG/ACRE-SEED RATE IN PUMPKIN,SEED RATE IN PUMPKIN,Cultural Practices,RABI,HORTICULTURE,ODISHA
83,KUJANG                                            ,Fruits,2017-02-15 11:53:49.973,Banana,JAGATSINGHAPUR,SPRAY CARBENDAZIM 1.5GM/1LITRE OF WATER,PANAMA WILT,	Plant Protection	,RABI,HORTICULTURE,ODISHA
84,ERASAMA                                           ,Cereals,2017-02-15 13:03:11.503,Paddy (Dhan),JAGATSINGHAPUR,"Spray Chloropyriphos or Triazophos-2ml per litre of water,repeat spray after 8-days",Stem borer in Paddy,	Plant Protection	,RABI,AGRICULTURE,ODISHA
85,NAUGAON                                           ,Pulses,2017-02-16 10:23:42.930,Black Gram (urd bean),JAGATSINGHAPUR,RECOMMENDED TO SPRAY MULTI-K 7.5 GM/LIT WATER FOR BETTER GROWTH AND YIELD IN BLACK GRAM,FOR BETTER GROWTH AND YIELD IN BLACK GRAM,Cultural Practices	,JAYAD,AGRICULTURE,ODISHA
86,BALIKUDA                                          ,Plantation Crops,2017-02-16 12:20:57.660,Coconut,JAGATSINGHAPUR,RECOMMENDED TO SPRAY BLITOX-50 3 GM/ LIT WATER SPRAY FOR CONTROL OF BUD ROT IN COCONUT,BUD ROT IN COCONUT,	Plant Protection	,JAYAD,HORTICULTURE,ODISHA
87,ERASAMA                                           ,Animal,2017-02-16 21:17:58.730,"Bovine(Cow,Buffalo)",JAGATSINGHAPUR,CONTACT VAS/BVO OF YOUR BLOCK FOR ANIMAL HUSBANDRY PROBLEM,ANIMAL HUSBANDRY PROBLEM,Animal Nutrition,RABI,ANIMAL HUSBANDRY,ODISHA
88,BALIKUDA                                          ,Vegetables,2017-02-17 19:20:41.137,Chillies,JAGATSINGHAPUR,RECOMMENDED TO SPRAY THIAMETHOXAM @ 8 GRAM / 15 LIT OF WATER,FRUIT CURLING IN CHILLI,	Plant Protection	,RABI,HORTICULTURE,ODISHA
89,BALIKUDA                                          ,Vegetables,2017-02-18 14:47:18.850,Bitter Gourd,JAGATSINGHAPUR,SPRAY UREA @ 7GM/1LIT WATER FOR YELLOWING OF LOWER LEAF IN BITTERGOURD,YELLOWING OF LOWER LEAF IN BITTERGOURD,Fertilizer Use and Availability,RABI,HORTICULTURE,ODISHA
90,JAGATSINGHPUR                                     ,Pulses,2017-02-18 19:04:00.127,Green Gram (Moong Bean/ Moong),JAGATSINGHAPUR,RECOMMENDED TO SPRAY POLYFEED (19-19-19) @  7.5GM/ 1LIT WATER,SLOW GROWTH OF MOONG,Cultural Practices	,RABI,AGRICULTURE,ODISHA
91,ERASAMA                                           ,Cereals,2017-02-19 11:57:53.050,Paddy (Dhan),JAGATSINGHAPUR,SPRAY CHLOROPYRIPHOS 400ML/ACRE,STEM BORER,	Plant Protection	,RABI,AGRICULTURE,ODISHA
92,ERASAMA                                           ,Cereals,2017-02-19 17:44:32.803,Paddy (Dhan),JAGATSINGHAPUR,RECOMMENDED TO SPRAY TRIAZOPHOS 2.5 ML/ 1 LIT WATER,STEM BORER IN PADDY,	Plant Protection	,RABI,AGRICULTURE,ODISHA
93,ERASAMA                                           ,Vegetables,2017-02-20 12:08:58.213,Chillies,JAGATSINGHAPUR,RECOMMENDED TO SPRAY ACEPHETE 1.5 GM/ LIT WATER FOR CONTROL OF LEAF CURL IN CHILLIES,LEAF CURL IN CHILLIES,	Plant Protection	,JAYAD,HORTICULTURE,ODISHA
94,ERASAMA                                           ,Vegetables,2017-02-20 12:23:04.860,Brinjal,JAGATSINGHAPUR,RECOMMENDED TO SPRAY ACEPHETE 1.5 GM/ LIT WATER FOR CONTROL OF LEAF CURL IN BRINJAL,LEAF CURL IN BRINJAL,Cultural Practices,JAYAD,HORTICULTURE,ODISHA
95,ERASAMA                                           ,Cereals,2017-02-21 19:47:12.193,Paddy (Dhan),JAGATSINGHAPUR,RECOMMENDED TO SPRAY CHLOROPYRIPHOUS 2ML/ LIT WATER FOR CONTROL OF SWARMING CATER PILLAR IN PADDY,SWARMING CATER PILLAR IN PADDY,	Plant Protection	,JAYAD,AGRICULTURE,ODISHA
96,JAGATSINGHPUR                                     ,Pulses,2017-02-25 16:53:52.623,Green Gram (Moong Bean/ Moong),JAGATSINGHAPUR,SPRAY POLY FEED 7GMS/1LITRE OF WATER,FERTILISER FOR SPRAY,Fertilizer Use and Availability,RABI,AGRICULTURE,ODISHA
97,JAGATSINGHPUR                                     ,Pulses,2017-02-25 17:10:34.343,Black Gram (urd bean),JAGATSINGHAPUR,SPRAY POLYFEED (19-19-19) @ 100GM/15LIT WATER FOR FERTILIZER IN BLACKGRAM,FERTILIZER IN BLACKGRAM,Fertilizer Use and Availability,RABI,AGRICULTURE,ODISHA
98,ERASAMA                                           ,Cereals,2017-02-26 07:33:23.990,Paddy (Dhan),JAGATSINGHAPUR,RECOMMENDED TO SPRAY QUAINALPHOUS 2ML/ LIT WATER FOR CONTROL OF STEM BORER IN PADDY,STEM BORER IN PADDY,	Plant Protection	,JAYAD,AGRICULTURE,ODISHA
99,JAGATSINGHPUR                                     ,Vegetables,2017-02-26 13:56:09.503,Bitter Gourd,JAGATSINGHAPUR,RECOMMENDED TO SPRAY SPINOSAD 1ML/ 3 LIT WATER FOR CONTROL OF POD BORER IN BITTER GOURD,POD BORER IN BITTER GOURD,	Plant Protection	,JAYAD,HORTICULTURE,ODISHA
100,KUJANG                                            ,Cereals,2017-02-26 17:25:09.440,Paddy (Dhan),JAGATSINGHAPUR,RECOMMENDED SPRAY STREPTCYCLIN @ 2GM + COPPER OXYCHLORIDE 50% WP(BLUE COPPER) @ 40GM / 15 LTR WATER FOR BACTERIAL LEAF BLIGHT IN PADDY,BACTERIAL LEAF BLIGHT IN PADDY,	Plant Protection	,RABI,AGRICULTURE,ODISHA
101,KUJANG                                            ,Cereals,2017-02-26 17:27:58.877,Paddy (Dhan),JAGATSINGHAPUR,RECOMMENDED SPRAY TRIAZOPHOS 40EC(GHATAK)@ 2.5 ML/1 LTR WATER FOR STEM BORER IN PADDY,STEM BORER IN PADDY,	Plant Protection	,RABI,AGRICULTURE,ODISHA
102,BIRIDI                                            ,Vegetables,2017-02-26 19:03:32.093,Bhindi(Okra/Ladysfinger),JAGATSINGHAPUR,RECOMMENDED TO SPRAY CUPPER OXYCHLORIDE 40 GM + STREPTOCYCLIN 1GM + 15 LIT WATER,OKRA PLANT WILTING,	Plant Protection	,RABI,HORTICULTURE,ODISHA
103,JAGATSINGHPUR                                     ,Vegetables,2017-02-27 10:17:17.223,Watermelon,JAGATSINGHAPUR,DETAIL DATA EXPLAINED IN WATER MELON CULTIVATION,WATER MELON CULTIVATION,Cultural Practices,JAYAD,HORTICULTURE,ODISHA
104,ERASAMA                                           ,Pulses,2017-02-27 16:45:52.617,Green Gram (Moong Bean/ Moong),JAGATSINGHAPUR,RECOMMENDED TO SPRAY QUINALPHOS  2.5 ML/ 1 LIT WATER,LEAF EATING CATERPILLAR IN MOONG,	Plant Protection	,RABI,AGRICULTURE,ODISHA
105,BALIKUDA                                          ,Vegetables,2017-02-27 17:44:19.613,Chillies,JAGATSINGHAPUR,RECOMMENDED TO SPRAY ACEPHATE @ 2.5 GM / 1 LIT WATER,LEAF CURLING IN CHILLI,	Plant Protection	,RABI,HORTICULTURE,ODISHA
106,RAGHUNATHPUR                                      ,Vegetables,2017-02-28 20:41:45.403,Pumpkin,JAGATSINGHAPUR,RECOMMENDED TO SPRAY EITHREAL 1ML/ 4 LIT WATER FOR CONTROL OF FLOWER DROP IN PUMPKIN,FLOWER DROP IN PUMPKIN,	Plant Protection	,JAYAD,HORTICULTURE,ODISHA
107,NAUGAON                                           ,Vegetables,2017-02-28 20:45:24.603,Bitter Gourd,JAGATSINGHAPUR,RECOMMENDED TO SPRAY ACEPHETE 1.5 GM/LIT WATER FOR CONTROL OF LEAF CURL IN BITTER GOURD,LEAF CURL IN BITTER GOURD,	Plant Protection	,JAYAD,HORTICULTURE,ODISHA
108,BALIKUDA                                          ,Vegetables,2017-03-01 19:36:26.220,Chillies,JAGATSINGHAPUR,RECOMMENDED TO SPRAY TRIAZOPHOS 2.5ML/ 1 LIT WATER,BORER IN CHILLI,	Plant Protection	,RABI,HORTICULTURE,ODISHA
109,JAGATSINGHPUR                                     ,Pulses,2017-03-02 17:47:45.010,Black Gram (urd bean),JAGATSINGHAPUR,SPRAY POLYFEED @ 100GM/15LIT WATER FOR GROWTH OF BLACK GRAM,FOR GROWTH OF BLACK GRAM,Cultural Practices	,RABI,AGRICULTURE,ODISHA
110,TIRTOL                                            ,Fruits,2017-03-02 18:36:31.143,Banana,JAGATSINGHAPUR,"REMOVAL OF INFECTED TREES AND APPLICATION OF LIME @1-2 KG/PIT.
DRENCH WITH CARBENDAZIM @ 2.5 GRAM / 1 LIT OF WATER",FUSARIUM WILT IN BANANA,	Plant Protection	,RABI,HORTICULTURE,ODISHA
111,BALIKUDA                                          ,Vegetables,2017-03-03 16:59:02.400,Brinjal,JAGATSINGHAPUR,SPRAY COPPER OXYCHLORIDE @ 3GM/1LIT WATER FOR DIE BACK IN BRINJAL,DIE BACK IN BRINJAL,	Plant Protection	,RABI,HORTICULTURE,ODISHA
112,TIRTOL                                            ,Oilseeds,2017-03-03 19:46:41.573,Sunflower (suryamukhi),JAGATSINGHAPUR,RECOMMENDED  TO SPRAY COPPER OXICHLORIDE 3 GM + STREPTOCYCLIN 1.5 GM/ LIT WATER  FOR CONTROL OF WILTING DISEASES IN SUNFLOWER,WILTING DISEASES IN SUNFLOWER,	Plant Protection	,JAYAD,AGRICULTURE,ODISHA
113,RAGHUNATHPUR                                      ,Cereals,2017-03-04 17:50:59.220,Paddy (Dhan),JAGATSINGHAPUR,APPLY UREA 35KG/ACRE,TILLERING DOSE,Fertilizer Use and Availability,RABI,AGRICULTURE,ODISHA
114,JAGATSINGHPUR                                     ,Vegetables,2017-03-05 16:18:59.600,Cucumber,JAGATSINGHAPUR,"B-10,MANDAKINI,KUMUD-VARIETIES OF CUCUMBER",VARIETIES OF CUCUMBER,Cultural Practices,RABI,HORTICULTURE,ODISHA
115,BIRIDI                                            ,Pulses,2017-03-06 12:20:18.163,Black Gram (urd bean),JAGATSINGHAPUR,RECOMMENDED TO SPRAY CHLOROPYRIPHOUS 2ML/ LIT WATER FOR CONTROL OF LEAF EATING CATER PILLAR IN BLACKGRAM,LEAF EATING CATER PILLAR IN BLACKGRAM,	Plant Protection	,JAYAD,AGRICULTURE,ODISHA
116,TIRTOL                                            ,Others,2017-03-06 16:37:57.870,Others,JAGATSINGHAPUR,"Today
March 6
CLEAR SKY

34° /21°C
WIND17 km/h, S
RH 17 % | 90 %
RAIN 0 % | 0 mm
WARM
Tuesday
March 7
PARTLY CLOUDY LIGHT RAIN

34° /21°C
WIND28 km/h, S
RH 19 % | 91 %
RAIN 30 % | 6 mm
PLEASANT
Wednesday
March 8
PARTLY CLOUDY LIGHT RAIN

29° /22°C
WIND17 km/h, SW
RH 52 % | 99 %
RAIN 30 % | 2 mm
PLEASANT
Thursday
March 9
PARTLY CLOUDY

35° /22°C
WIND25 km/h, SW
RH 40 % | 97 %
RAIN 0 % | 0 mm
WARM & HUMID
Friday
March 10
PARTLY CLOUDY MODERATE RAIN

33° /23°C
WIND23 km/h, S
RH 43 % | 90 %
RAIN 60 % | 10 mm
WARM & HUMID
Saturday
March 11
PARTLY CLOUDY MODERATE RAIN

32° /23°C
WIND27 km/h, S
RH 49 % | 88 %
RAIN 30 % | 12 mm
WARM & HUMID
Sunday
March 12
CLEAR SKY

34° /21°C
WIND21 km/h, SW
RH 33 % | 88 %
RAIN 0 % | 0 mm
WARM",WEATHER REPORT TIRTOLE,Weather,RABI,AGRICULTURE,ODISHA
117,TIRTOL                                            ,Pulses,2017-03-06 16:39:19.230,Green Gram (Moong Bean/ Moong),JAGATSINGHAPUR,SPRAY POLYFEED (19-19-19) @ 100GM/15LIT WATER FOR GROWTH OF GREEN GRAM,FOR GROWTH OF GREEN GRAM,Fertilizer Use and Availability,RABI,AGRICULTURE,ODISHA
118,KUJANG                                            ,Others,2017-03-07 12:03:43.593,Others,JAGATSINGHAPUR,"Cloudy weather with a drizzle-1 to 2mm rainfall on 7th and 8th March, 6mm rainfall on 9th March",weather report,Weather,RABI,AGRICULTURE,ODISHA
119,JAGATSINGHPUR                                     ,Vegetables,2017-03-10 16:57:22.343,Chillies,JAGATSINGHAPUR,RECOMMENDED TO SPRAY TATAMIDA 1ML/ 3 LIT WATER FOR CONTROL OF SUCKING PEST IN CHILLIES,SUCKING PEST IN CHILLIES,	Plant Protection	,JAYAD,HORTICULTURE,ODISHA
120,JAGATSINGHPUR                                     ,Pulses,2017-03-10 17:01:15.420,Black Gram (urd bean),JAGATSINGHAPUR,RECOMMENDED TO SPRAY QUAINALPHOUS 2ML/ LIT WATER FOR CONTROL OF BIHAR HAIRY CATER PILLAR IN BLACKGRAM,BIHAR HAIRY CATER PILLAR IN BLACKGRAM,	Plant Protection	,JAYAD,AGRICULTURE,ODISHA
121,KUJANG                                            ,Vegetables,2017-03-10 20:22:54.867,Cucumber,JAGATSINGHAPUR,SPRAY CHLORPYRIFOS + CYPERMETHRIN (CANNON) @ 2ML/1LIT WATER FOR LEAF MINOR IN CUCUMBER,LEAF MINOR IN CUCUMBER,	Plant Protection	,RABI,HORTICULTURE,ODISHA
122,JAGATSINGHPUR                                     ,Flowers,2017-03-10 21:02:44.787,Rose,JAGATSINGHAPUR,APPLY DAP @ 30 GRAM + MOP @ 20 GRAM / POT,NUTRIENT MANAGEMENT IN ROSE,	Plant Protection	,RABI,HORTICULTURE,ODISHA
123,JAGATSINGHPUR                                     ,Plantation Crops,2017-03-11 09:30:03.673,Coconut,JAGATSINGHAPUR,"COCONUT BOTTON DROPS--RECOMMENDED TO SPRAY UREA-1KG,320 GM PHOSPHROUS,1200 GM POTASH AND COWDUNG 2 CARTOONS GIVEN FOR CONTROL OF COCONUT BOTTON DROPS",COCONUT BOTTON DROPS,Cultural Practices,JAYAD,HORTICULTURE,ODISHA
124,NAUGAON                                           ,Pulses,2017-03-11 16:37:29.893,Green Gram (Moong Bean/ Moong),JAGATSINGHAPUR,SPRAY IMIDACLOPRID (TATAMIDA) @ 6ML/15LIT WATER FOR THRIPS IN GREEN GRAM,THRIPS IN GREEN GRAM,	Plant Protection	,RABI,AGRICULTURE,ODISHA
125,TIRTOL                                            ,Vegetables,2017-03-12 11:35:09.080,Brinjal,JAGATSINGHAPUR,RECOMMENDED TO SPRAY FIPRONIL2ML/LIT WATER FOR CONTROL OF STEM BORER IN BRINJAL,STEM BORER IN BRINJAL,	Plant Protection	,JAYAD,HORTICULTURE,ODISHA
126,KUJANG                                            ,Vegetables,2017-03-12 16:39:35.390,Brinjal,JAGATSINGHAPUR,RECOMMENDED TO SPRAY EMAMECTIN BENZOATE @ 8 GRAM / 15 LIT OF WATER,BRINJAL STEM BORER,	Plant Protection	,RABI,HORTICULTURE,ODISHA
127,KUJANG                                            ,Vegetables,2017-03-12 18:01:06.273,Brinjal,JAGATSINGHAPUR,RECOMMENDED TO SPRAY EMAMECTIN BENZOATE 5 SG @ 8 GRAM / 15 LIT OF WATER,BRINJAL STEM BORER,	Plant Protection	,RABI,HORTICULTURE,ODISHA
128,KUJANG                                            ,Vegetables,2017-03-12 18:04:58.393,Brinjal,JAGATSINGHAPUR,RECOMMENDED TO SPRAY MIRACULAN @ 1 ML/ 1 LIT OF WATER,FLOWERING HORMONE IN BRINJAL,	Plant Protection	,RABI,HORTICULTURE,ODISHA
129,JAGATSINGHPUR                                     ,Vegetables,2017-03-12 19:46:39.463,Chillies,JAGATSINGHAPUR,SPRAY CHLORPYRIFOS + CYPERMETHRYN (CANNON) @ 30ML/15LIT WATER FOR CHEWING PEST IN CHILLI,CHEWING PEST IN CHILLI,	Plant Protection	,RABI,HORTICULTURE,ODISHA
130,ERASAMA                                           ,Vegetables,2017-03-14 20:10:34.543,Pumpkin,JAGATSINGHAPUR,1ML/1LIT WATER -DOSE OF ETHOPHONE,DOSE OF ETHOPHONE,Fertilizer Use and Availability,RABI,HORTICULTURE,ODISHA
131,ERASAMA                                           ,Vegetables,2017-03-15 16:27:47.430,Bhindi(Okra/Ladysfinger),JAGATSINGHAPUR,"ARKA ANAMIKA,ARKA ABHAYA,PARBANI KRANTI,VNR GREEN,VNR SUPER GREEN",VARIETY OF OKRA,	Plant Protection	,RABI,HORTICULTURE,ODISHA
132,JAGATSINGHPUR                                     ,Pulses,2017-03-16 11:34:00.783,Green Gram (Moong Bean/ Moong),JAGATSINGHAPUR,RECOMMENDED TO SPRAY QUAINALPHOUS 2ML/LIT WATER FOR CONTROL OF BIHAR HAIRY CATER PILLAR IN GREENGRAM,BIHAR HAIRY CATER PILLAR IN GREENGRAM,	Plant Protection	,JAYAD,AGRICULTURE,ODISHA
133,JAGATSINGHPUR                                     ,Vegetables,2017-03-16 20:22:46.223,Bhindi(Okra/Ladysfinger),JAGATSINGHAPUR,RECOMMENDED TO SPRAY TRIAZOPHOS 2.5ML/ 1 LIT WATER,STEM BORER IN OKRA,	Plant Protection	,RABI,HORTICULTURE,ODISHA
134,BIRIDI                                            ,Pulses,2017-03-17 17:30:35.637,Green Gram (Moong Bean/ Moong),JAGATSINGHAPUR,SPRAY STREPTOCYCLINE @ 3GM + COPPER OXYCHLORIDE @ 40GM/15LIT WATER FOR COLLAR ROT IN GREEN GRAM,COLLAR ROT IN GREEN GRAM,	Plant Protection	,RABI,AGRICULTURE,ODISHA
135,RAGHUNATHPUR                                      ,Vegetables,2017-03-17 17:45:21.630,Bitter Gourd,JAGATSINGHAPUR,RECOMMENDED TO SPRAY THIAMETHOXAM @ 8 GRAM / 15 LIT OF WATER,LEAF CURLING IN BITTER GOURD,	Plant Protection	,RABI,HORTICULTURE,ODISHA
136,KUJANG                                            ,Vegetables,2017-03-17 21:17:34.440,Pointed Gourd,JAGATSINGHAPUR,RECOMMENDED TO SPRAY TATAMIDA 1ML/3 LIT WATER FOR CONTROL OF SUCKING PEST IN POINTED GOURD,SUCKING PEST IN POINTED GOURD,	Plant Protection	,JAYAD,HORTICULTURE,ODISHA
137,KUJANG                                            ,Pulses,2017-03-17 21:19:29.233,Black Gram (urd bean),JAGATSINGHAPUR,RECOMMENDED TO SPRAY ROGOR 2ML/ LIT WATER FOR CONTROL OF YELLOW MOSAIC DISEASES IN BLACK GRAM,YELLOW MOSAIC DISEASES IN BLACK GRAM,	Plant Protection	,JAYAD,AGRICULTURE,ODISHA
138,JAGATSINGHPUR                                     ,Others,2017-03-18 06:28:54.080,Others,JAGATSINGHAPUR,NO RAINFALL OCCURS FROM 18TH MARCH TO 24TH MARCH IN JAGATSINGHPUR DIST,RAINFALL FORECAST IN JAGATSINGHPUR DIST,Weather,JAYAD,AGRICULTURE,ODISHA
139,JAGATSINGHPUR                                     ,Pulses,2017-03-18 12:13:26.160,Black Gram (urd bean),JAGATSINGHAPUR,RECOMMENDED TO SPRAY ROGOR 2ML/LIT WATER FOR CONTROL OF YELLOW MOSAIC DISEASES IN BLACKGRAM,YELLOW MOSAIC DISEASES IN BLACKGRAM,	Plant Protection	,JAYAD,AGRICULTURE,ODISHA
140,ERASAMA                                           ,Cereals,2017-03-18 15:52:15.173,Paddy (Dhan),JAGATSINGHAPUR,Spray the growth hormone at this stage@ 5ml per Drum/Dhol-15-litres,Foliar spray at PI stage of Paddy,Cultural Practices	,RABI,AGRICULTURE,ODISHA
141,JAGATSINGHPUR                                     ,Pulses,2017-03-19 17:39:19.770,Green Gram (Moong Bean/ Moong),JAGATSINGHAPUR,RECOMMENDED TO SPRAY CHLORPYRIFOS 2.5 ML/ 1 LIT WATER,LEAF EATING CATTERPILLAR IN MOONG,	Plant Protection	,RABI,AGRICULTURE,ODISHA
142,RAGHUNATHPUR                                      ,Vegetables,2017-03-19 20:42:58.013,Bitter Gourd,JAGATSINGHAPUR,RECOMMENDED TO SPRAY THIAMETHOXAM @ 8 GRAM / 15 LIT OF WATER,LEAF CURLING IN BITTER GOURD,	Plant Protection	,RABI,HORTICULTURE,ODISHA
143,JAGATSINGHPUR                                     ,Pulses,2017-03-20 16:49:41.790,Green Gram (Moong Bean/ Moong),JAGATSINGHAPUR,RECOMMENDED TO SPRAY CHLORPYRIFOS 2.5 ML/ 1 LIT WATER,LEAF EATING CATERPILLAR IN MOONG,Cultural Practices	,RABI,AGRICULTURE,ODISHA
144,JAGATSINGHPUR                                     ,Pulses,2017-03-20 16:49:59.590,Green Gram (Moong Bean/ Moong),JAGATSINGHAPUR,RECOMMENDED TO SPRAY CHLORPYRIFOS 2.5 ML/ 1 LIT WATER,LEAF EATING CATERPILLAR IN MOONG,Cultural Practices	,RABI,AGRICULTURE,ODISHA
145,BALIKUDA                                          ,Others,2017-03-20 18:54:46.987,Others,JAGATSINGHAPUR,"WEATHER REPORT KIRMIRA
Today
March 20
PARTLY CLOUDY

34° /20°C
WIND16 km/h, SW
RH 36 % | 85 %
RAIN 0 % | 0 mm
WARM
Tuesday
March 21
CLOUDY

36° /21°C
WIND10 km/h, SE
RH 34 % | 82 %
RAIN 0 % | 0 mm
WARM
Wednesday
March 22
PARTLY CLOUDY

36° /21°C
WIND15 km/h, SW
RH 31 % | 75 %
RAIN 0 % | 0 mm
WARM
Thursday
March 23
CLEAR SKY

39° /20°C
WIND18 km/h, S
RH 29 % | 100 %
RAIN 0 % | 0 mm
HOT
Friday
March 24
CLEAR SKY

40° /21°C
WIND23 km/h, S
RH 30 % | 100 %
RAIN 0 % | 0 mm
HOT
Saturday
March 25
CLEAR SKY

39° /22°C
WIND24 km/h, S
RH 33 % | 100 %
RAIN 0 % | 0 mm
HOT & HUMID
Sunday
March 26
CLEAR SKY

40° /23°C
WIND20 km/h, SW
RH 31 % | 89 %
RAIN 0 % | 0 mm
HOT & HUMID",WEATHER REPORT KIRMIRA,Weather,RABI,AGRICULTURE,ODISHA
146,BIRIDI                                            ,Vegetables,2017-03-21 12:17:46.853,Tomato,JAGATSINGHAPUR,Apply foliar spray of Polyfeed-5gm per litre of water,Tomato poor growth,Nutrient Management,RABI,HORTICULTURE,ODISHA
147,BIRIDI                                            ,Vegetables,2017-03-21 12:24:22.440,Cucumber,JAGATSINGHAPUR,Spray FantacPlus-1ml per litre of water at flowering,Growth hormone for Cucumber/Kakudi,Nutrient Management,RABI,HORTICULTURE,ODISHA
148,BALIKUDA                                          ,Pulses,2017-03-22 15:30:45.530,Green Gram (Moong Bean/ Moong),JAGATSINGHAPUR,RECOMMENDED TO SPRAY ACEPHATE 2GM / 1 LIT WATER,LEAF YELLOWING OF MOONG,	Plant Protection	,RABI,AGRICULTURE,ODISHA
149,BIRIDI                                            ,Vegetables,2017-03-22 19:58:08.783,Cucumber,JAGATSINGHAPUR,RECOMMENDED TO SPRAY ACEPHATE @ 2.5 GRAM / 1 LIT OF WATER,YELLOWING OF LEAVES IN CUCUMBER,	Plant Protection	,RABI,HORTICULTURE,ODISHA
150,BIRIDI                                            ,Pulses,2017-03-22 20:59:33.560,Green Gram (Moong Bean/ Moong),JAGATSINGHAPUR,RECOMMENDED TO SPRAY CHLORPYRIFOS 2.5 ML/ 1 LIT WATER,LEAF EATING CATERPILAR IN MOONG,	Plant Protection	,RABI,AGRICULTURE,ODISHA
151,ERASAMA                                           ,Condiments and Spices,2017-03-23 19:00:17.903,Large Cardamom,JAGATSINGHAPUR,"Khadi & Village Industries Commission
Address: Jagamara - Sundarpada Rd, Gandamunda, Pokhariput, Bhubaneswar, Odisha 751020
Phone: 097785 65650",Khadi & Village Industries Commission,Bio-Pesticides and Bio-Fertilizers,RABI,HORTICULTURE,ODISHA
152,RAGHUNATHPUR                                      ,Pulses,2017-03-23 19:24:37.870,Green Gram (Moong Bean/ Moong),JAGATSINGHAPUR,RECOMMENDED TO SPRAY CHLORPYRIFOS 2 ML/ 1 LIT WATER,LEAF EATING CATERPILLAR IN MOONG,	Plant Protection	,KHARIF,AGRICULTURE,ODISHA
153,BALIKUDA                                          ,Vegetables,2017-03-24 16:41:02.763,Tomato,JAGATSINGHAPUR,RECOMMENDED TO SPRAY SAAF 2 GM + PLANTOMYCIN 1 GM + 1 LIT WATER,COLLAR ROT IN TOMATO,	Plant Protection	,RABI,HORTICULTURE,ODISHA
154,TIRTOL                                            ,Flowers,2017-03-24 17:06:21.903,Marigold,JAGATSINGHAPUR,SPRAY BOOM FLOWER @ 2ML/1LIT WATER FOR GROWTH AND FLOWERING OF MARIGOLD,FOR GROWTH AND FLOWERING OF MARIGOLD,Fertilizer Use and Availability,RABI,HORTICULTURE,ODISHA
155,JAGATSINGHPUR                                     ,Vegetables,2017-03-25 15:41:01.687,Brinjal,JAGATSINGHAPUR,RECOMMENDED TO SPRAY COPPER OXYCHLORIDE 40 GM + STREPTOCYCLINE 1.5 GM + 15 LIT WATER,BRINJAL PLANT WILTING,	Plant Protection	,RABI,HORTICULTURE,ODISHA
156,JAGATSINGHPUR                                     ,Vegetables,2017-03-25 15:44:38.697,Brinjal,JAGATSINGHAPUR,RECOMMENDED TO SPRAY EMAMECTIN BENZOATE @ 8GRAM/ 15 LIT WATER AFTER CUTTING DOWN THE AFFECTED PLANT,STEM BORER IN BRINJAL,	Plant Protection	,RABI,HORTICULTURE,ODISHA
157,BALIKUDA                                          ,Vegetables,2017-03-25 17:13:12.187,Brinjal,JAGATSINGHAPUR,RECOMMENDED TO SPRAY RIDOMIL GOLD @ 2.5 GRAM / 1 LIT OF WATER,LEAF SPOT DISEASE IN BRINJAL,	Plant Protection	,RABI,HORTICULTURE,ODISHA
158,ERASAMA                                           ,Others,2017-03-25 18:21:03.060,Others,JAGATSINGHAPUR,CLEAR WEATHER IN NEXT 5 DAYS-WEATHER REPORT ERASAMA,WEATHER REPORT ERASAMA,Weather,RABI,AGRICULTURE,ODISHA
159,TIRTOL                                            ,Others,2017-03-26 20:30:16.160,Others,JAGATSINGHAPUR,CLEAR WEATHER IN NEXT 5 DAYS-WEATHER REPORT TIRTOL,WEATHER REPORT TIRTOL,Weather,RABI,AGRICULTURE,ODISHA
160,ERASAMA                                           ,Medicinal and Aromatic Plants,2017-03-27 14:52:09.830,Aloe Vera,JAGATSINGHAPUR,"GENERALLY ALOE VERA IS A WARM TROPICAL CROP.
IT IS GROWN IN SANDY TO LOAMY SOIL.
PROPAGATED THROUGH ROOT SUCKER OR RHIZOME CUTTINGS.",CULTURAL PRACTICES OF ALOE VERA,Cultural Practices,RABI,HORTICULTURE,ODISHA
161,KUJANG                                            ,Others,2017-03-27 15:42:48.930,Others,JAGATSINGHAPUR,"WEATHER REPORT KUJANG
Today
March 27
CLEAR SKY

38° /16°C
WIND31 km/h, SW
RH 22 % | 61 %
RAIN 0 % | 0 mm
HOT
Tuesday
March 28
CLEAR SKY

36° /16°C
WIND35 km/h, SW
RH 32 % | 69 %
RAIN 0 % | 0 mm
HOT
Wednesday
March 29
CLEAR SKY

36° /17°C
WIND36 km/h, SW
RH 36 % | 78 %
RAIN 0 % | 0 mm
WARM
Thursday
March 30
CLEAR SKY

38° /17°C
WIND33 km/h, SW
RH 28 % | 69 %
RAIN 0 % | 0 mm
COOL
Friday
March 31
CLEAR SKY

39° /17°C
WIND30 km/h, SW
RH 23 % | 68 %
RAIN 0 % | 0 mm
HOT
Saturday
April 1
PARTLY CLOUDY

38° /17°C
WIND31 km/h, SW
RH 33 % | 70 %
RAIN 0 % | 0 mm
COOL
Sunday
April 2
PARTLY CLOUDY

37° /17°C
WIND36 km/h, SW
RH 25 % | 68 %
RAIN 0 % | 0 mm
HOT",WEATHER REPORT KUJANG,Weather,RABI,AGRICULTURE,ODISHA
162,KUJANG                                            ,Others,2017-03-28 18:33:42.480,Others,JAGATSINGHAPUR,"WEATHER REPORT KUJANGA
Today
March 28
CLEAR SKY

42° /24°C
WIND22 km/h, NW
RH 33 % | 59 %
RAIN 0 % | 0 mm
HOT
Wednesday
March 29
CLEAR SKY

42° /23°C
WIND14 km/h, SW
RH 39 % | 78 %
RAIN 0 % | 0 mm
HOT
Thursday
March 30
CLEAR SKY

41° /22°C
WIND18 km/h, SW
RH 40 % | 66 %
RAIN 0 % | 0 mm
HOT
Friday
March 31
CLEAR SKY

42° /23°C
WIND16 km/h, SE
RH 37 % | 75 %
RAIN 0 % | 0 mm
HOT
Saturday
April 1
CLEAR SKY

42° /23°C
WIND14 km/h, S
RH 38 % | 81 %
RAIN 0 % | 0 mm
HOT
Sunday
April 2
PARTLY CLOUDY LIGHT RAIN

42° /24°C
WIND20 km/h, SW
RH 42 % | 47 %
RAIN 30 % | 3 mm
HOT
Monday
April 3
CLEAR SKY

42° /25°C
WIND22 km/h, SW
RH 40 % | 68 %
RAIN 0 % | 0 mm
HOT",WEATHER REPORT KUJANGA,Weather,RABI,AGRICULTURE,ODISHA
163,KUJANG                                            ,Others,2017-03-28 19:19:13.617,Others,JAGATSINGHAPUR,"WEATHER REPORT KUJNGA
Today
March 28
CLEAR SKY

37° /22°C
WIND28 km/h, SW
RH 35 % | 97 %
RAIN 0 % | 0 mm
WARM & HUMID
Wednesday
March 29
CLEAR SKY

37° /22°C
WIND29 km/h, SW
RH 29 % | 97 %
RAIN 0 % | 0 mm
WARM & HUMID
Thursday
March 30
CLEAR SKY

36° /22°C
WIND28 km/h, SW
RH 31 % | 99 %
RAIN 0 % | 0 mm
WARM & HUMID
Friday
March 31
PARTLY CLOUDY

37° /23°C
WIND26 km/h, SW
RH 33 % | 99 %
RAIN 0 % | 0 mm
WARM & HUMID
Saturday
April 1
PARTLY CLOUDY

37° /22°C
WIND29 km/h, SW
RH 31 % | 100 %
RAIN 0 % | 0 mm
PLEASANT
Sunday
April 2
PARTLY CLOUDY

35° /22°C
WIND29 km/h, SW
RH 44 % | 100 %
RAIN 0 % | 0 mm
WARM & HUMID
Monday
April 3
PARTLY CLOUDY

36° /21°C
WIND32 km/h, SW
RH 36 % | 99 %
RAIN 0 % | 0 mm
WARM & HUMID",WEATHER REPORT KUJNGA,Weather,RABI,AGRICULTURE,ODISHA
164,BALIKUDA                                          ,Vegetables,2017-03-28 20:32:55.320,Brinjal,JAGATSINGHAPUR,RECOMMENDED TO SPRAY SPINOSAD 1ML/3 LIT WATER FOR CONTROL OF FRUIT BORER IN BRINJAL,FRUIT BORER IN BRINJAL,	Plant Protection	,JAYAD,HORTICULTURE,ODISHA
165,KUJANG                                            ,Others,2017-03-30 15:56:58.630,Others,JAGATSINGHAPUR,"WEATHER REPORT KUJANGA
Today
March 30
CLEAR SKY

37° /24°C
WIND33 km/h, SW
RH 43 % | 98 %
RAIN 0 % | 0 mm
WARM & HUMID
Friday
March 31
PARTLY CLOUDY

38° /24°C
WIND26 km/h, SW
RH 40 % | 97 %
RAIN 0 % | 0 mm
HOT & HUMID
Saturday
April 1
PARTLY CLOUDY

34° /24°C
WIND28 km/h, S
RH 54 % | 97 %
RAIN 0 % | 0 mm
WARM & HUMID
Sunday
April 2
PARTLY CLOUDY

36° /25°C
WIND34 km/h, S
RH 36 % | 94 %
RAIN 0 % | 0 mm
WARM & HUMID
Monday
April 3
PARTLY CLOUDY

35° /24°C
WIND39 km/h, SW
RH 47 % | 97 %
RAIN 0 % | 0 mm
WARM & HUMID
Tuesday
April 4
PARTLY CLOUDY LIGHT RAIN

36° /25°C
WIND35 km/h, S
RH 41 % | 98 %
RAIN 30 % | 2 mm
WARM & HUMID
Wednesday
April 5
CLEAR SKY

37° /25°C
WIND36 km/h, SW
RH 33 % | 91 %
RAIN 0 % | 0 mm
WARM & HUMID",WEATHER REPORT KUJANGA,Weather,RABI,AGRICULTURE,ODISHA
166,KUJANG                                            ,Vegetables,2017-03-30 15:59:18.073,Brinjal,JAGATSINGHAPUR,SPRAY FLUBENDIAMIDE (FAME) @ 6ML/15LIT WATER FOR FRUIT BORER IN BRINJAL,FRUIT BORER IN BRINJAL,	Plant Protection	,RABI,HORTICULTURE,ODISHA
167,KUJANG                                            ,Vegetables,2017-03-31 16:34:34.803,Bitter Gourd,JAGATSINGHAPUR,SPRAY PYMETROZINE (CHESS) @ 7ML/15LIT WATER FOR LEAF CURLING IN BITTER GOURD,LEAF CURLING IN BITTER GOURD,	Plant Protection	,RABI,HORTICULTURE,ODISHA
168,BALIKUDA                                          ,Vegetables,2017-04-02 17:06:54.807,Bitter Gourd,JAGATSINGHAPUR,RECOMMENDED TO SPRAY CHLORPYRIFOS @ 2.5 ML / 1 LIT OF WATER,LEAF FOLDING IN BITTER GOURD,	Plant Protection	,RABI,HORTICULTURE,ODISHA
169,JAGATSINGHPUR                                     ,Plantation Crops,2017-04-03 09:20:29.570,Coconut,JAGATSINGHAPUR,RECOMMENDED TO SPRAY CHLOROPYRIPHOUS DUST 8 KG/ACRE FOR CONTROL OF TERMITE IN COCONUT,TERMITE IN COCONUT,	Plant Protection	,JAYAD,HORTICULTURE,ODISHA
170,JAGATSINGHPUR                                     ,Cereals,2017-04-04 14:57:21.477,Paddy (Dhan),JAGATSINGHAPUR,RECOMMENDED TO SPRAY MULTI-K 7.5 GM/ LIT WATER FOR BETTER GROWTH AND YIELD IN PADDY,FOR BETTER GROWTH AND YIELD IN PADDY,Cultural Practices,JAYAD,AGRICULTURE,ODISHA
171,BIRIDI                                            ,Inland,2017-04-06 08:33:42.313,Cold Water,JAGATSINGHAPUR,"CONTACT FISHERY EXTENSION OFFICER,JAGATSINGHPUR DIST",FISH CULTIVATION,Coastal Aquaculture,JAYAD,FISHERIES,ODISHA
172,BALIKUDA                                          ,Vegetables,2017-04-07 16:15:25.053,Chillies,JAGATSINGHAPUR,RECOMMENDED TO SPRAY ACEPHATE @ 2.5 GRAM  / 1 LIT OF WATER,LEAF CURLING IN CHILLI,	Plant Protection	,RABI,HORTICULTURE,ODISHA
173,BALIKUDA                                          ,Vegetables,2017-04-07 16:19:16.130,Brinjal,JAGATSINGHAPUR,RECOMMENDED TO SPRAY SPINOSAD 5 ML / 15 LIT WATER AFTER CUTTING DOWN THE AFFECTED SHOOT & FRUIT,FRUIT SHOOT BORER IN BRINJAL,	Plant Protection	,RABI,HORTICULTURE,ODISHA
174,ERASAMA                                           ,Fruits,2017-04-07 19:20:44.923,Mango,JAGATSINGHAPUR,SPRAY TRIAZOPHOS @ 2ML/1LIT WATER FOR FRUIT BORER IN MANGO,FRUIT BORER IN MANGO,	Plant Protection	,RABI,HORTICULTURE,ODISHA
175,NAUGAON                                           ,Pulses,2017-04-08 06:33:10.300,Black Gram (urd bean),JAGATSINGHAPUR,RECOMMENDED TO SPRAY ROGOR 2ML/LIT WATER FOR CONTROL OF APHID PEST IN BLACKGRAM,APHID PEST IN BLACKGRAM,	Plant Protection	,JAYAD,AGRICULTURE,ODISHA
176,BIRIDI                                            ,Fruits,2017-04-08 08:53:50.440,Banana,JAGATSINGHAPUR,RECOMMENDED TO SPRAY FURADON 10 KG /ACRE FOR CONTROL OF BANANA STEM WEEVIL,BANANA STEM WEEVIL,	Plant Protection	,JAYAD,HORTICULTURE,ODISHA
177,ERASAMA                                           ,Fruits,2017-04-08 09:16:00.127,Banana,JAGATSINGHAPUR,RECOMMENDED TO SPRAY BENOMIL 3GM/ LIT WATER FOR CONTROL OF LEAF SPOT OR SIGATOKA IN BANANA,LEAF SPOT OR SIGATOKA IN BANANA,	Plant Protection	,JAYAD,HORTICULTURE,ODISHA
178,BIRIDI                                            ,Sugar and Starch Crops,2017-04-09 13:54:42.303,Sugarcane (Noble Cane),JAGATSINGHAPUR,DETAIL PACKAGE OF PRACTICE EXPLAINED IN SUGAR CANE CULTIVATION,SUGAR CANE CULTIVATION,Cultural Practices,JAYAD,AGRICULTURE,ODISHA
179,JAGATSINGHPUR                                     ,Oilseeds,2017-04-10 17:50:08.490,Sunflower (suryamukhi),JAGATSINGHAPUR,RECOMMENDED TO SPRAY PROFENOFOS + CYPERMETHRIN @ 2.5 ML / 1 LIT OF WATER,HEAD BORER IN SUNFLOWER,	Plant Protection	,RABI,AGRICULTURE,ODISHA
180,JAGATSINGHPUR                                     ,Inland,2017-04-13 07:52:04.403,Cold Water,JAGATSINGHAPUR,"CONTACT FISHERY EXTENSION OFFICER, JAGATSINGPUR DIST FOR FISHERY  NUTRATION",FISHERY  NUTRATION,Fishery Nutrition,JAYAD,FISHERIES,ODISHA
181,JAGATSINGHPUR                                     ,Vegetables,2017-04-13 18:10:57.810,Cowpea (Vegetable),JAGATSINGHAPUR,RECOMMENDED TO SPRAY CHLORPYRIFOS 2.5 ML/ 1 LIT WATER,LEAF MINOR IN COWPEA,	Plant Protection	,RABI,HORTICULTURE,ODISHA
182,JAGATSINGHPUR                                     ,Vegetables,2017-04-13 18:14:09.210,Cowpea (Vegetable),JAGATSINGHAPUR,RECOMMENDED TO SPRAY SPINOSAD 5 ML / 15 LIT WATER,LEAF MINOR IN COWPEA,	Plant Protection	,RABI,HORTICULTURE,ODISHA
183,TIRTOL                                            ,Vegetables,2017-04-14 19:44:20.547,Chinese Cabbage,JAGATSINGHAPUR,"WEATHER REPORT JAGATSINGPUR
Today
April 14
PARTLY CLOUDY

35° /27°C
WIND26 km/h, S
RH 53 % | 95 %
RAIN 0 % | 0 mm
WARM & HUMID
Saturday
April 15
PARTLY CLOUDY

34° /28°C
WIND31 km/h, S
RH 44 % | 91 %
RAIN 0 % | 0 mm
WARM & HUMID
Sunday
April 16
PARTLY CLOUDY

34° /27°C
WIND26 km/h, SE
RH 45 % | 89 %
RAIN 0 % | 0 mm
WARM & HUMID
Monday
April 17
CLEAR SKY

37° /26°C
WIND19 km/h, SE
RH 41 % | 92 %
RAIN 0 % | 0 mm
WARM & HUMID
Tuesday
April 18
CLEAR SKY

40° /25°C
WIND22 km/h, S
RH 26 % | 90 %
RAIN 0 % | 0 mm
HOT & HUMID
Wednesday
April 19
CLEAR SKY

40° /27°C
WIND30 km/h, SW
RH 25 % | 90 %
RAIN 0 % | 0 mm
HOT & HUMID
Thursday
April 20
PARTLY CLOUDY

35° /29°C
WIND37 km/h, S
RH 62 % | 90 %
RAIN 0 % | 0 mm
WARM & HUMID",WEATHER REPORT JAGATSINGPUR,Government Schemes,RABI,HORTICULTURE,ODISHA
184,ERASAMA                                           ,Medicinal and Aromatic Plants,2017-04-15 17:09:02.027,Betel Vine,JAGATSINGHAPUR,RECOMMENDED TO SPRAY ACEPHATE @ 2GM / 1 LIT WATER,SUCKING PEST IN BETEL VINE,	Plant Protection	,RABI,HORTICULTURE,ODISHA
185,ERASAMA                                           ,Medicinal and Aromatic Plants,2017-04-15 17:11:03.920,Betel Vine,JAGATSINGHAPUR,RECOMMENDED TO SPRAY MULTI-K 7 GM/ 1LIT WATER,SLOW GROWTH OF BETEL VINE,	Plant Protection	,RABI,HORTICULTURE,ODISHA
186,TIRTOL                                            ,Cereals,2017-04-16 11:14:03.177,Paddy (Dhan),JAGATSINGHAPUR,DETAIL PACKAGE OF PRACTICE EXPLAINED IN SRI METHOAD PADDY CULTIVATION,SRI METHOAD PADDY CULTIVATION,Cultural Practices,JAYAD,AGRICULTURE,ODISHA
187,RAGHUNATHPUR                                      ,Others,2017-04-16 21:01:09.597,Others,JAGATSINGHAPUR,"WEATHER REPORT JAGATSINGPUR
Today
April 16
PARTLY CLOUDY

37° /23°C
WIND29 km/h, SE
RH 37 % | 98 %
RAIN 0 % | 0 mm
WARM & HUMID
Monday
April 17
PARTLY CLOUDY

41° /25°C
WIND24 km/h, S
RH 36 % | 58 %
RAIN 0 % | 0 mm
HOT
Tuesday
April 18
PARTLY CLOUDY

42° /25°C
WIND30 km/h, S
RH 33 % | 60 %
RAIN 0 % | 0 mm
HOT
Wednesday
April 19
PARTLY CLOUDY

41° /24°C
WIND33 km/h, S
RH 35 % | 64 %
RAIN 0 % | 0 mm
HOT
Thursday
April 20
PARTLY CLOUDY

44° /27°C
WIND30 km/h, S
RH 26 % | 58 %
RAIN 0 % | 0 mm
HOT
Friday
April 21
PARTLY CLOUDY

47° /25°C
WIND23 km/h, SW
RH 9 % | 60 %
RAIN 0 % | 0 mm
HOT
Saturday
April 22
CLEAR SKY

48° /25°C
WIND25 km/h, SW
RH 4 % | 61 %
RAIN 0 % | 0 mm
HOT",WEATHER REPORT JAGATSINGPUR,Weather,RABI,AGRICULTURE,ODISHA
188,BALIKUDA                                          ,Others,2017-04-17 09:59:41.577,Others,JAGATSINGHAPUR,NO RAINFALL OCCURS FROM 17TH APRIL TO 23RD APRIL 2017 IN JAGATSINGHPUR DIST,RAINFALL FORECAST IN JAGATSINGHPUR DIST,Weather,JAYAD,AGRICULTURE,ODISHA
189,BALIKUDA                                          ,Others,2017-04-18 19:22:10.133,Others,JAGATSINGHAPUR,"WEATHER REPORT BALIKUDA
Today
April 18
PARTLY CLOUDY

36° /24°C
WIND30 km/h, S
RH 64 % | 91 %
RAIN 0 % | 0 mm
WARM & HUMID
Wednesday
April 19
PARTLY CLOUDY

37° /24°C
WIND38 km/h, S
RH 52 % | 91 %
RAIN 0 % | 0 mm
WARM & HUMID
Thursday
April 20
PARTLY CLOUDY MODERATE RAIN

38° /25°C
WIND45 km/h, S
RH 51 % | 87 %
RAIN 30 % | 10 mm
HOT & HUMID
Friday
April 21
PARTLY CLOUDY

36° /25°C
WIND37 km/h, S
RH 63 % | 85 %
RAIN 0 % | 0 mm
WARM & HUMID
Saturday
April 22
PARTLY CLOUDY

36° /25°C
WIND38 km/h, S
RH 62 % | 87 %
RAIN 0 % | 0 mm
WARM & HUMID
Sunday
April 23
PARTLY CLOUDY LIGHT RAIN

36° /24°C
WIND33 km/h, S
RH 62 % | 87 %
RAIN 30 % | 3 mm
WARM & HUMID
Monday
April 24
CLEAR SKY

38° /24°C
WIND37 km/h, SW
RH 54 % | 84 %
RAIN 0 % | 0 mm
WARM & HUMID",WEATHER REPORT BALIKUDA,Weather,RABI,AGRICULTURE,ODISHA
190,NAUGAON                                           ,Vegetables,2017-04-19 18:12:58.540,Pointed Gourd,JAGATSINGHAPUR,RECOMMENDED TO APPLY 2ML MALATHION + 30GM JAGGERY + 1LIT WATER MIXTURE IN 7-8 PLASTIC CUPS IN DIFFERENT PLACES,FRUIT FLY IN POINTED GOURD,	Plant Protection	,RABI,HORTICULTURE,ODISHA
191,BALIKUDA                                          ,Pulses,2017-04-21 16:51:40.690,Green Gram (Moong Bean/ Moong),JAGATSINGHAPUR,"MINIMUM SUPPORT PRICE OF GREEN GRAM
5225
(includes
Rs.425/-
Bonus)",MINIMUM SUPPORT PRICE OF GREEN GRAM,Market Information,RABI,AGRICULTURE,ODISHA
192,BALIKUDA                                          ,Cereals,2017-04-23 11:45:49.667,Paddy (Dhan),JAGATSINGHAPUR,DETAIL PACKAGE OF PRACTICE EXPLAINED IN SRI METHOAD PADDY CULTIVATION,SRI METHOAD PADDY CULTIVATION,Cultural Practices,JAYAD,AGRICULTURE,ODISHA
193,BALIKUDA                                          ,Cereals,2017-04-23 11:48:55.313,Paddy (Dhan),JAGATSINGHAPUR,DETAIL PACKAGE OF PRACTICE EXPLAINED IN SRI METHOD PADDY CULTIVATION,SRI METHOD PADDY CULTIVATION,Cultural Practices,JAYAD,AGRICULTURE,ODISHA
194,KUJANG                                            ,Others,2017-04-27 11:27:09.237,Others,JAGATSINGHAPUR,NO RAINFALL OCCURS  FROM 27TH APRIL TO 3RD APRIL 2017 IN JAGATSINGPUR DIST,RAINFALL FORECAST IN JAGATSINGPUR DIST,Weather,JAYAD,AGRICULTURE,ODISHA
195,JAGATSINGHPUR                                     ,Plantation Crops,2017-04-28 18:25:22.490,Arecanut,JAGATSINGHAPUR,DETAIL PACKAGE OF PRACTICE EXPLAINED IN ARECANUT CULTIVATION,ARECANUT CULTIVATION,Cultural Practices,JAYAD,HORTICULTURE,ODISHA
196,NAUGAON                                           ,Vegetables,2017-04-30 15:53:28.963,Chillies,JAGATSINGHAPUR,RECOMMENDED TO APPLY CHLORPYRIFOS DUST 8KG / 1 ACRE,ANT IN CHILLI PLANT,	Plant Protection	,RABI,HORTICULTURE,ODISHA
197,TIRTOL                                            ,Others,2017-05-01 20:45:14.057,Others,JAGATSINGHAPUR,CLOUDY WEATHER IN NEXT 5 DAYS-WEATHER REPORT TIRTOL,WEATHER REPORT TIRTOL,Weather,RABI,AGRICULTURE,ODISHA
198,NAUGAON                                           ,Others,2017-05-02 15:56:24.650,Others,JAGATSINGHAPUR,EXPECTED RAINFALL 2MM OCCURS ON 8TH MAY 2017 IN JAGATSINGPUR DIST,RAINFALL FORECAST IN JAGATSINGPUR DIST,Weather,JAYAD,AGRICULTURE,ODISHA
199,ERASAMA                                           ,Medicinal and Aromatic Plants,2017-05-02 17:33:13.813,Betel Vine,JAGATSINGHAPUR,RECOMMENDED TO SPRAY TATAMIDA 1ML/ 3 LIT WATER FOR CONTROL OF SUCKING PEST IN VETEL VINE,SUCKING PEST IN VETEL VINE,	Plant Protection	,JAYAD,HORTICULTURE,ODISHA
200,KUJANG                                            ,Vegetables,2017-05-03 18:16:28.410,Bhindi(Okra/Ladysfinger),JAGATSINGHAPUR,"MAHY 28,MAHY 55,MAHY 64 (MAHYCO SEED)",VARIETY OF OKRA,	Plant Protection	,RABI,HORTICULTURE,ODISHA
201,KUJANG                                            ,Vegetables,2017-05-03 18:19:43.750,Bhindi(Okra/Ladysfinger),JAGATSINGHAPUR,"MAHY 28,MAHY 55,MAHY 64 (MAHYCO SEED)",VARIETY OF OKRA,Cultural Practices,RABI,HORTICULTURE,ODISHA
202,KUJANG                                            ,Vegetables,2017-05-03 18:19:44.067,Bhindi(Okra/Ladysfinger),JAGATSINGHAPUR,"MAHY 28,MAHY 55,MAHY 64 (MAHYCO SEED)",VARIETY OF OKRA,Cultural Practices,RABI,HORTICULTURE,ODISHA
203,TIRTOL                                            ,Vegetables,2017-05-05 15:17:04.447,Bitter Gourd,JAGATSINGHAPUR,SPRAY IMIDACHLOPRID (TATAMIDA) @ 1ML/3LIT WATER FOR LEAF CURLING IN BITTERGOURD,LEAF CURLING IN BITTERGOURD,	Plant Protection	,RABI,HORTICULTURE,ODISHA
204,ERASAMA                                           ,Others,2017-05-05 15:21:20.370,Others,JAGATSINGHAPUR,NO RAINFALL OCCURS FROM 5TH MAY TO 10TH MAY 2017 IN JAGATSINGHPUR DIST,RAINFALL FORECAST IN JAGATSINGHPUR DIST,Weather,JAYAD,AGRICULTURE,ODISHA
205,ERASAMA                                           ,Medicinal and Aromatic Plants,2017-05-05 16:17:35.320,Betel Vine,JAGATSINGHAPUR,RECOMMENDED TO SPRAY RIDOMIL GOLD @ 2.5 GRAM / 1 LIT OF WATER,YELLOWING OF LEAVES IN BETEL VINE,	Plant Protection	,RABI,HORTICULTURE,ODISHA
206,RAGHUNATHPUR                                      ,Vegetables,2017-05-05 20:19:41.153,Pointed Gourd,JAGATSINGHAPUR,RECOMMENDED TO SPRAY TATAMIDA 1ML/3 LIT WATER FOR CONTROL OF SUCKING PEST IN POINTED GOURD,SUCKING PEST IN POINTED GOURD,	Plant Protection	,JAYAD,HORTICULTURE,ODISHA
207,ERASAMA                                           ,Fruits,2017-05-08 17:34:47.857,Bail,JAGATSINGHAPUR,APPLY 400 GRAM FURADAN 3G PER PLANT,FRUIT BORER IN BAEL,	Plant Protection	,RABI,HORTICULTURE,ODISHA
208,JAGATSINGHPUR                                     ,Vegetables,2017-05-09 17:27:25.553,Pointed Gourd,JAGATSINGHAPUR,RECOMMENDED TO SPRAY TATAMIDA 1ML/ 3 LIT WATER FOR CONTROL OF SUCKING PEST IN POINTED GOURD,SUCKING PEST IN POINTED GOURD,	Plant Protection	,JAYAD,HORTICULTURE,ODISHA
209,ERASAMA                                           ,Inland,2017-05-15 09:53:29.217,Cold Water,JAGATSINGHAPUR,"CONTACT FISHERY EXTENSION OFFICER,JAGATSINGPUR DIST FOR COSTAL AQUACULTURE",COSTAL AQUACULTURE,Coastal Aquaculture,JAYAD,FISHERIES,ODISHA
210,ERASAMA                                           ,Animal,2017-05-15 10:07:27.800,POULTRY  FARM ,JAGATSINGHAPUR,"CONTACT VETANAIRY OFFICER,JAGATSINGPUR DIST FOR POULTARY FEEDING PLANT",POULTARY FEEDING PLANT,Market Information,JAYAD,ANIMAL HUSBANDRY,ODISHA
211,BALIKUDA                                          ,Vegetables,2017-05-15 13:14:42.933,Brinjal,JAGATSINGHAPUR,RECOMMENDED TO SPRAY ACEPHETE 1.5 GM/ LIT WATER FOR CONTROL OF LEAF CURL IN BRINJAL,LEAF CURL IN BRINJAL,	Plant Protection	,JAYAD,HORTICULTURE,ODISHA
212,JAGATSINGHPUR                                     ,Cereals,2017-05-15 20:12:01.280,Paddy (Dhan),JAGATSINGHAPUR,USE THIRAM @ 3 GRAM / 1 KG OF SEED,SEED TREATMENT IN PADDY,Cultural Practices,RABI,AGRICULTURE,ODISHA
213,BIRIDI                                            ,Vegetables,2017-05-16 16:51:38.620,Brinjal,JAGATSINGHAPUR,"VNR SUPER STAR,NO-33,VNR LONG GREEN-BRINJAL VARIETIES",BRINJAL VARIETIES,Seeds and Planting Material,RABI,HORTICULTURE,ODISHA
214,RAGHUNATHPUR                                      ,Plantation Crops,2017-05-19 16:17:11.140,Coconut,JAGATSINGHAPUR,"REMOVE AND BURN ALL DEAD COCONUT TREES IN THE GARDEN
COLLECT AND DESTROY THE VARIOUS BIO-STAGES OF THE BEETLE FROM THE MANURE PITS",RHINOCEROS BEETLE IN COCONUT,	Plant Protection	,RABI,HORTICULTURE,ODISHA
215,ERASAMA                                           ,Vegetables,2017-05-19 17:54:29.500,Mushroom,JAGATSINGHAPUR,"CONTACT KRUSHIVIGYAN KENDRA,JAGATSINGHPUR DIST FOR MUSHROOM CULTIVATION TRAINING",MUSHROOM CULTIVATION TRAINING,Cultural Practices,JAYAD,HORTICULTURE,ODISHA
216,JAGATSINGHPUR                                     ,Vegetables,2017-05-20 11:55:10.037,Drum Stick,JAGATSINGHAPUR,RECOMMENDED TO SPRAY CHLOROPYRIPHOUS 2ML/ LIT WATER FOR CONTROL OF LEAF EATING CATER PILLAR IN DRUM STICK,LEAF EATING CATER PILLAR IN DRUM STICK,Cultural Practices,JAYAD,HORTICULTURE,ODISHA
217,NAUGAON                                           ,Others,2017-05-22 13:52:47.043,Others,JAGATSINGHAPUR,ENO RAIINFALL OCCURS FROM 22ND MAY 2017 TO 28TH MAY 2017 IN JAGATSINGHPUR DIST,RAINFALL FORECAST IN JAGATSINGHPUR DIST,Weather,JAYAD,AGRICULTURE,ODISHA
218,ERASAMA                                           ,Others,2017-05-22 19:44:31.000,Others,JAGATSINGHAPUR,5MM RAINFALL ON 26-5-17-WEATHER REPORT ERASAMA,WEATHER REPORT ERASAMA,Weather,RABI,AGRICULTURE,ODISHA
219,JAGATSINGHPUR                                     ,Vegetables,2017-05-25 07:20:26.253,"Colocasia (Arvi, Arbi)",JAGATSINGHAPUR,RECOMMENDED TO SPRAY TATAMIDA 1ML/ 3 LIT WATER FOR CONTROL OF SUCKING PEST IN COLOCASIA,SUCKING PEST IN COLOCASIA,Bio-Pesticides and Bio-Fertilizers,JAYAD,HORTICULTURE,ODISHA
220,RAGHUNATHPUR                                      ,Vegetables,2017-05-26 17:40:58.137,"Colocasia (Arvi, Arbi)",JAGATSINGHAPUR,SPRAY COPPER OXYXHLORIDE @  40GM + PYMETROZINE (CHESS) @ 5GM/15LIT WATER FOR LEAF RUST IN COLOCASIA,LEAF RUST IN COLOCASIA,	Plant Protection	,RABI,HORTICULTURE,ODISHA
221,ERASAMA                                           ,Cereals,2017-05-26 19:41:48.363,Paddy (Dhan),JAGATSINGHAPUR,"PADDY VARIETIES FOR UPLAND ECOSYSTEM
1.	Bala	1970	CVRC	105	-
2.	Sattari	1980	Orissa/ CVRC	80	3.0
3.	Kalinga III	1983	Orissa	80	3.5
4.	Neela	1985	Orissa	90	4.0
5.	Annada	1987	CVRC/Goa/ Orissa	110	5.0
6.	Heera	1988/ 1991	Orissa/ CVRC	68	3.0
7.	Kalyani-II	1988	Orissa	62	2.5-3.0
8.	Tara	1988	Orissa	100	4.5
9.	Vanaprabha	1988	Orissa	90	3.0
10.	Sneha	1992	Orissa	70	3.5
11.	Vandana	1992	Bihar	95	3.5
12.	Dhala Heera	1996	Orissa	80	3.5
13.	Anjali	2003	Jharkhand/CVRC	90	3.5
14.	Sadabahar	2003	Jharkhand	105	3.5
15.	Hazaridhan	2003	Jharkhand	120	5.0
16.	Virendra	2006	Jharkhand	90	4.5",PADDY VARIETIES FOR UPLAND ECOSYSTEM,Seeds,RABI,AGRICULTURE,ODISHA
222,ERASAMA                                           ,Others,2017-05-26 19:43:41.937,Others,JAGATSINGHAPUR,"CONTACT DETAILS OF NATIONAL RICE RESEARCH INSTITUTE 
Address: Bidyadharpur, Cuttack, Odisha 753006
Phone: 0671 236 7768",CONTACT DETAILS OF NATIONAL RICE RESEARCH INSTITUTE,Government Schemes,RABI,AGRICULTURE,ODISHA
223,JAGATSINGHPUR                                     ,Others,2017-05-27 06:42:56.537,Others,JAGATSINGHAPUR,EXPECTED RAINFALL 5MM OCCURS ON 29TH MAY 2017 IN JAGATSINGHPUR DIST,RAINFALL FORECAST IN JAGATSINGHPUR DIST,Weather,JAYAD,AGRICULTURE,ODISHA
224,BALIKUDA                                          ,Vegetables,2017-05-27 20:12:58.170,Chillies,JAGATSINGHAPUR,RECOMMENDED TO SPRAY ACEPHATE @ 2.5 GRAM / 1 LIT OF WATER,YELLOWING OF LEAVES IN CHILLI,	Plant Protection	,RABI,HORTICULTURE,ODISHA
225,KUJANG                                            ,Cereals,2017-05-28 08:33:15.820,Paddy (Dhan),JAGATSINGHAPUR,DETAIL PACKAGE OF PRACTICE EXPLAINED IN SRI METHOAD PADDY CULTIVATION,SRI METHOAD PADDY CULTIVATION,Cultural Practices,JAYAD,AGRICULTURE,ODISHA
226,BALIKUDA                                          ,Others,2017-05-29 21:31:33.500,Others,JAGATSINGHAPUR,MILD RAINFALL IN NEXT 5 DAYS-WEATHER REPORT BALIKUDA,WEATHER REPORT BALIKUDA,Weather,RABI,AGRICULTURE,ODISHA
227,JAGATSINGHPUR                                     ,Fruits,2017-05-31 14:24:26.767,Papaya,JAGATSINGHAPUR,COORG HONEYDEW,CULTURAL PRACTICE OF PAPAYA,	Plant Protection	,RABI,HORTICULTURE,ODISHA
228,RAGHUNATHPUR                                      ,Vegetables,2017-05-31 17:05:59.790,Bhindi(Okra/Ladysfinger),JAGATSINGHAPUR,RECOMMENDED TO SPRAY THIAMETHOXAM @ 8 GRAM / 15 LIT OF WATER,LEAF CURLING IN OKRA,	Plant Protection	,RABI,HORTICULTURE,ODISHA
229,BALIKUDA                                          ,Cereals,2017-06-06 17:41:33.493,Paddy (Dhan),JAGATSINGHAPUR,"Scented Rice varieties : Ketakijoha, Basumati, Sita Bhoga, Pimpudibasa, Jeera rice",Scented Rice varieties,Varieties,KHARIF,AGRICULTURE,ODISHA
230,KUJANG                                            ,Vegetables,2017-06-08 12:57:58.063,Bitter Gourd,JAGATSINGHAPUR,RECOMMENDED TO SPRAY ACEPHETE 2GM/ LIT WATER FOR CONTROL OF LEAF CURL IN BITTER GOURD,LEAF CURL IN BITTER GOURD,	Plant Protection	,KHARIF,HORTICULTURE,ODISHA
231,KUJANG                                            ,Vegetables,2017-06-08 13:00:15.783,Bhindi(Okra/Ladysfinger),JAGATSINGHAPUR,RECOMMENDED TO SPRAY TATAMIDA 1ML/3 LIT WATER FOR CONTROL OF SUCKING PEST IN BHINDI,SUCKING PEST IN BHINDI,	Plant Protection	,KHARIF,HORTICULTURE,ODISHA
232,ERASAMA                                           ,Cereals,2017-06-09 18:37:50.440,Paddy (Dhan),JAGATSINGHAPUR,APPLY DAP @ 17KG + MOP @ 13KG + UREA @ 20KG/ACRE AS BASAL FERTILIZER DOSE IN PADDY,BASAL FERTILIZER DOSE IN PADDY,Fertilizer Use and Availability,RABI,AGRICULTURE,ODISHA
233,BIRIDI                                            ,Vegetables,2017-06-10 09:31:38.270,"Colocasia (Arvi, Arbi)",JAGATSINGHAPUR,RECOMMENDED TO SPRAY TATAMIDA 1ML/3 LIT WATER FOR CONTROL OF SUCKING PEST IN COLOCASIA,SUCKING PEST IN COLOCASIA,	Plant Protection	,KHARIF,HORTICULTURE,ODISHA
234,ERASAMA                                           ,Animal,2017-06-10 20:26:43.913,"Bovine(Cow,Buffalo)",JAGATSINGHAPUR,CONTACT WITH BLOCK VETERINARY OFFICER,VETERINARY QUERY,Credit,KHARIF,ANIMAL HUSBANDRY,ODISHA
235,TIRTOL                                            ,Vegetables,2017-06-13 15:50:41.063,Chillies,JAGATSINGHAPUR,RECOMMENDED TO SPRAY ACEPHATE @ 2.5 GAM / 1 LIT OF WATER,LEAF CURLING IN CHILLI,	Plant Protection	,KHARIF,HORTICULTURE,ODISHA
236,ERASAMA                                           ,Others,2017-06-13 21:00:29.623,Others,JAGATSINGHAPUR,EXPECTED RAINFALL 4MM OCCURS ON 14TH JUNE 2017 IN JAGATSINGHPUR DIST,RAINFALL FORECAST IN JAGATSINGHPUR DIST,Weather,KHARIF,AGRICULTURE,ODISHA
237,KUJANG                                            ,Vegetables,2017-06-15 08:28:44.820,Bhindi(Okra/Ladysfinger),JAGATSINGHAPUR,RECOMMENDED TO SPRAY THIOMETHOXAM 5GM/10 LIT WATER FOR CONTROL OF WHITE FLIES IN BHINDI,WHITE FLIES IN BHINDI,	Plant Protection	,KHARIF,HORTICULTURE,ODISHA
238,KUJANG                                            ,Vegetables,2017-06-15 08:37:03.073,Ridge Gourd,JAGATSINGHAPUR,"VARIETY OF RIDGE GOURD---PUSA NASADAR,CO-1,CO-2,SAATAPATRI,LATA,GREEN GOLD",VARIETY OF RIDGE GOURD,Cultural Practices,KHARIF,HORTICULTURE,ODISHA
239,KUJANG                                            ,Vegetables,2017-06-15 08:38:30.847,Bitter Gourd,JAGATSINGHAPUR,"VARIETY OF BITTER GOURD---PUSA DOMUSAMI,ARKA HARIT,NAKHARA,PRACHI, PRIYA,CHAMAN",VARIETY OF BITTER GOURD,Cultural Practices,KHARIF,HORTICULTURE,ODISHA
240,JAGATSINGHPUR                                     ,Vegetables,2017-06-15 09:14:59.890,Cucumber,JAGATSINGHAPUR,RECOMMENDED TO SPRAY THIOMETHOXAM 5GM/10 LIT WATER FOR CONTROL OF WHITE FLIES IN CUCUMBER,WHITE FLIES IN CUCUMBER,	Plant Protection	,KHARIF,HORTICULTURE,ODISHA
241,JAGATSINGHPUR                                     ,Vegetables,2017-06-15 09:17:06.153,Cucumber,JAGATSINGHAPUR,RECOMMENDED TO SPRAY TATAMIDA 1ML/3 LIT WATER FOR CONTROL OF SUCKING PEST IN CUCUMBER,SUCKING PEST IN CUCUMBER,	Plant Protection	,KHARIF,HORTICULTURE,ODISHA
242,ERASAMA                                           ,Others,2017-06-16 17:58:17.277,Others,JAGATSINGHAPUR,EXPECTED RAINFALL 1MM OCCURS ON 17TH JUNE 2017 IN JAGATSINGPUR DIST,RAINFALL FORECAST IN JAGATSINGPUR DIST,Weather,KHARIF,AGRICULTURE,ODISHA
243,ERASAMA                                           ,Cereals,2017-06-16 18:00:25.600,Paddy (Dhan),JAGATSINGHAPUR,"HYBRID VARIETY OF PADDY --RAJALAXMI,AJAYA,P.A-6201",HYBRID VARIETY OF PADDY,Cultural Practices,KHARIF,AGRICULTURE,ODISHA
244,KUJANG                                            ,Vegetables,2017-06-16 19:48:08.127,Brinjal,JAGATSINGHAPUR,RECOMMENDED TO SPRAY SAAF 2GM/ LIT WATER FOR CONTROL OF ROOT ROT DISEASES IN BRINJAL,ROOT ROT DISEASES IN BRINJAL,	Plant Protection	,KHARIF,HORTICULTURE,ODISHA
245,KUJANG                                            ,Fruits,2017-06-17 09:29:10.780,Lemon,JAGATSINGHAPUR,RECOMMENDED TO SPRAY TATAMIDA 1ML/3 LIT WATER FOR CONTROL OF SUCKING PEST IN LEMON,SUCKING PEST IN LEMON,	Plant Protection	,KHARIF,HORTICULTURE,ODISHA
246,KUJANG                                            ,Vegetables,2017-06-18 07:57:26.670,Bhindi(Okra/Ladysfinger),JAGATSINGHAPUR,RECOMMENDED TO SPRAY THIOMETHOXAM 5GM/10 LIT WATER FOR CONTROL OF WHITE FLIES IN BHINDI,WHITE FLIES IN BHINDI,	Plant Protection	,KHARIF,HORTICULTURE,ODISHA
247,KUJANG                                            ,Vegetables,2017-06-18 08:03:53.240,Bhindi(Okra/Ladysfinger),JAGATSINGHAPUR,RECOMMENDED TO SPRAY SPINOSAD 1ML/3 LIT WATER FOR CONTROL OF FRUIT BORER IN BHINDI,FRUIT BORER IN BHINDI,	Plant Protection	,KHARIF,HORTICULTURE,ODISHA
248,KUJANG                                            ,Vegetables,2017-06-18 08:05:24.460,Brinjal,JAGATSINGHAPUR,RECOMMENDED TO SPRAY SAAF 2GM/LIT WATER FOR CONTROL OF ROOT ROT DISEASES IN BRINJAL,ROOT ROT DISEASES IN BRINJAL,	Plant Protection	,KHARIF,HORTICULTURE,ODISHA
249,KUJANG                                            ,Vegetables,2017-06-19 11:07:08.987,Cowpea (Vegetable),JAGATSINGHAPUR,RECOMMENDED TO SPRAY SAAF 2GM/ LIT WATER FOR CONTROL OF ROOT ROT DISEASES IN COWPEA,ROOT ROT DISEASES IN COWPEA,	Plant Protection	,KHARIF,HORTICULTURE,ODISHA
250,BIRIDI                                            ,Plantation Crops,2017-06-19 11:17:27.607,Arecanut,JAGATSINGHAPUR,"Apply 100gm Urea,150gm SSP,100gm Potash per plant with good quality compost",Fertiliser for Arecanut/Gua,Nutrient Management,KHARIF,HORTICULTURE,ODISHA
251,BALIKUDA                                          ,Vegetables,2017-06-19 12:32:17.763,Pumpkin,JAGATSINGHAPUR,"VARIETY OF PUMPKIN --BAIDYBATI,GUAMALA,BHARIAVI-1",VARIETY OF PUMPKIN,Cultural Practices,KHARIF,HORTICULTURE,ODISHA
252,ERASAMA                                           ,Others,2017-06-20 15:29:15.727,Others,JAGATSINGHAPUR,EXPECTED RAINFALL 13 MM OCCURS ON 20TH JUNE 2017 IN JAGATSINGHPUR DIST,RAINFALL FORECAST IN JAGATSINGHPUR DIST,Weather,KHARIF,AGRICULTURE,ODISHA
253,BIRIDI                                            ,Fruits,2017-06-20 18:53:26.150,Banana,JAGATSINGHAPUR,DETAIL PACKAGE OF PRACTICE EXPLAINED IN BANANA CULTIVATION,BANANA CULTIVATION,Cultural Practices,KHARIF,HORTICULTURE,ODISHA
254,JAGATSINGHPUR                                     ,Vegetables,2017-06-24 06:14:03.370,Bhindi(Okra/Ladysfinger),JAGATSINGHAPUR,RECOMMENDED TO SPRAY TATAMIDA 1ML/3 LIT WATER FOR CONTROL OF SUCKING PEST IN BHINDI,SUCKING PEST IN BHINDI,	Plant Protection	,KHARIF,HORTICULTURE,ODISHA
255,KUJANG                                            ,Cereals,2017-06-24 11:08:43.490,Paddy (Dhan),JAGATSINGHAPUR,RECOMMENDED TO APPLY PENDEIMETHALINE 1330ML/400 LIT WATER ACRE FOR CONTROL OF WEED MANAGEMENT OF PADDY,WEED MANAGEMENT OF PADDY,Weed Management,KHARIF,AGRICULTURE,ODISHA
256,BALIKUDA                                          ,Fruits,2017-06-24 20:39:30.497,Guava,JAGATSINGHAPUR,RECOMMENDED TO SPRAY CHLORPYRIFOS 2.5 ML/ 1 LIT WATER,LEAF EATING CATERPILLAR IN GUAVA,	Plant Protection	,KHARIF,HORTICULTURE,ODISHA
257,KUJANG                                            ,Cereals,2017-06-26 19:04:01.973,Paddy (Dhan),JAGATSINGHAPUR,DETAIL PACKAGE OF PRACTICE EXPLAINED IN SRI METHOD PADDY CULTIVATION,SRI METHOD PADDY CULTIVATION,Cultural Practices,KHARIF,AGRICULTURE,ODISHA
258,BALIKUDA                                          ,Cereals,2017-06-27 16:06:01.020,Paddy (Dhan),JAGATSINGHAPUR,Recommended to treat with Captan/Thiram 3gm per kg of Paddy seeds,Paddy seed treatment,Cultural Practices,KHARIF,AGRICULTURE,ODISHA
259,BALIKUDA                                          ,Others,2017-06-30 18:07:06.183,Others,JAGATSINGHAPUR,EXPECTED RAINFALL 6MM OCCURS 2ND JULY 2017 IN JAGATSINGHPUR DIST,RAINFALL FORECAST IN JAGATSINGHPUR DIST,Weather,KHARIF,AGRICULTURE,ODISHA
260,BALIKUDA                                          ,Cereals,2017-06-30 21:45:58.770,Paddy (Dhan),JAGATSINGHAPUR,"VARIETY OF PADDY ---MAHANADI, INDRAVATI,KANCHAN",VARIETY OF PADDY,Cultural Practices,KHARIF,AGRICULTURE,ODISHA
261,BALIKUDA                                          ,Vegetables,2017-07-03 15:27:58.383,Bhindi(Okra/Ladysfinger),JAGATSINGHAPUR,RECOMMENDED TO SPRAY PLANOFIX 1 ML/ 5 LIT WATER,FLOWER DROP IN OKRA,Cultural Practices,KHARIF,HORTICULTURE,ODISHA
262,BALIKUDA                                          ,Cereals,2017-07-03 15:32:23.990,Paddy (Dhan),JAGATSINGHAPUR,WEED MANAGEMENT IN PADDY FIELD = RECOMMENDED TO SPRAY PRETILACHLOR 50 % EC (REFIT/ CRAZE) 400ML/ ACRE MIXED WITH 20KG SAND WITHIN 3-5 DAYS FOR TRANSPLANTED PADDY,WEED MANAGEMENT IN PADDY,Weed Management,KHARIF,AGRICULTURE,ODISHA
263,KUJANG                                            ,Vegetables,2017-07-03 20:40:47.083,Bitter Gourd,JAGATSINGHAPUR,RECOMMENDED TO SPRAY ACEPHETE 2GM/ LIT WATER FOR CONTROL OF LEAF CURL IN BITTER GOURD,LEAF CURL IN BITTER GOURD,	Plant Protection	,KHARIF,HORTICULTURE,ODISHA
264,TIRTOL                                            ,Cereals,2017-07-05 11:22:53.513,Paddy (Dhan),JAGATSINGHAPUR,"Recommended to apply Almix 8gm + 2, 4-D Sodium salt 500gm mixed with 500gm dry sand to control weeds in Paddy",Weed management in Paddy,Weed Management,KHARIF,AGRICULTURE,ODISHA
265,ERASAMA                                           ,Cereals,2017-07-06 16:21:59.353,Paddy (Dhan),JAGATSINGHAPUR,RECOMMENDED TO APPLY CAPTAN 2GM/KG SEED FOR CONTROL OF SEED TREATMENT OF PADDY,SEED TREATMENT OF PADDY,Cultural Practices,KHARIF,AGRICULTURE,ODISHA
266,TIRTOL                                            ,Cereals,2017-07-06 17:51:59.413,Paddy (Dhan),JAGATSINGHAPUR,"Apply 2gm per litre of water,cultivate after 5-days of application and remove weed and weed parts","Atrazine 50% WP,dose for application",Weed Management,KHARIF,AGRICULTURE,ODISHA
267,RAGHUNATHPUR                                      ,Vegetables,2017-07-08 09:47:49.923,Cucumber,JAGATSINGHAPUR,RECOMMENDED TO SPRAY TATAMIDA 1ML/ 3 LIT WATER FOR CONTROL OF SUCKING PEST IN CUCUMBER,SUCKING PEST IN CUCUMBER,	Plant Protection	,KHARIF,HORTICULTURE,ODISHA
268,TIRTOL                                            ,Fodder Crops,2017-07-08 11:37:57.967,fodder maize ,JAGATSINGHAPUR,DETAIL PACKAGE OF PRACTICE EXPLAINED IN FODDER MAIZE CULTIVATION,FODDER MAIZE CULTIVATION,Cultural Practices,KHARIF,AGRICULTURE,ODISHA
269,TIRTOL                                            ,Others,2017-07-09 10:59:50.237,Others,JAGATSINGHAPUR,EXPECTED RAINFALL 6MM OCCURS ON 11TH JULY 2017 IN JAGATSINGHPUR DIST,RAINFALL FORECAST IN JAGATSINGHPUR DIST,Weather,KHARIF,AGRICULTURE,ODISHA
270,JAGATSINGHPUR                                     ,Others,2017-07-10 15:15:22.997,Others,JAGATSINGHAPUR,MILD RAINFALL TILL 16-07-17-WEATHER REPORT JAGATSINGPUR,WEATHER REPORT JAGATSINGPUR,Weather,RABI,AGRICULTURE,ODISHA
271,TIRTOL                                            ,Fruits,2017-07-13 17:57:48.300,Papaya,JAGATSINGHAPUR,"VARIETY OF PAPAYA--FARM SELECTION,MUKUAND FOUNDATION,COORG HONEY DEW",VARIETY OF PAPAYA,Cultural Practices,KHARIF,HORTICULTURE,ODISHA
272,TIRTOL                                            ,Others,2017-07-15 06:32:42.773,Others,JAGATSINGHAPUR,EXPECTED RAINFALL 12 MM OCCURS ON  16 TH JULY 2017 IN JAGATSINGHPUR DIST,RAINFALL FORECAST IN JAGATSINGHPUR DIST,Weather,KHARIF,AGRICULTURE,ODISHA
273,JAGATSINGHPUR                                     ,Cereals,2017-07-15 07:54:52.943,Paddy (Dhan),JAGATSINGHAPUR,DETAIL PACKAGE OF PRACTICE EXPLAINED IN SRI METHOD PADDY CULTIVATION,SRI METHOD PADDY CULTIVATION,Cultural Practices,KHARIF,AGRICULTURE,ODISHA
274,KUJANG                                            ,Vegetables,2017-07-20 17:03:17.857,Ridge Gourd,JAGATSINGHAPUR,DETAIL PACKAGE OF PRACTICE EXPLAINED IN RIDGE GOURD CULTIVATION,RIDGE GOURD CULTIVATION,Cultural Practices,KHARIF,HORTICULTURE,ODISHA
275,KUJANG                                            ,Vegetables,2017-07-21 14:54:00.200,Bhindi(Okra/Ladysfinger),JAGATSINGHAPUR,"YVM Virus in Bhindi-Spray Imidachloropid(Tatamida/Confider)-1ml per 3-litres of water alternatively with Neemax/Neemajal,300ppm @ 5ml per litre of water in 7 days gap",Yellow Vein Mosaic Virus and sucking pest control in Bhindi,	Plant Protection	,KHARIF,HORTICULTURE,ODISHA
276,JAGATSINGHPUR                                     ,Fruits,2017-07-23 18:45:42.893,Banana,JAGATSINGHAPUR,"RECOMMENDED TO APPLY 150 GM UREA,100 GM POTASH",FERTILIZER APPLICATION IN BANANA,Cultural Practices,KHARIF,HORTICULTURE,ODISHA
277,TIRTOL                                            ,Others,2017-07-24 14:32:45.253,Others,JAGATSINGHAPUR,"50% subsidy on Rotavator, apply to AAO or DAO of your block",Rotavator subsidy,Agriculture Mechanization,KHARIF,AGRICULTURE,ODISHA
278,TIRTOL                                            ,Cereals,2017-07-25 17:13:47.470,Paddy (Dhan),JAGATSINGHAPUR,RECOMMENDED TO SPRAY PENDEIMETHALINE 1330ML/ 20 KG SAND ACRE FOR CONTROL OF WEED MANAGEMENT OF PADDY,WEED MANAGEMENT OF PADDY,Weed Management,KHARIF,AGRICULTURE,ODISHA
279,RAGHUNATHPUR                                      ,Cereals,2017-07-26 16:40:15.100,Paddy (Dhan),JAGATSINGHAPUR,PMFBY Kharif Paddy 2017 : Premium payable Rs. 950 sum assured Rs. 47500 per hectare latest by 31 July 2017 in any Nationalised or Co-operative bank,Crop insurance for Kharif Paddy 2017,Crop Insurance,KHARIF,AGRICULTURE,ODISHA
280,JAGATSINGHPUR                                     ,Fruits,2017-07-31 14:40:57.880,Mango,JAGATSINGHAPUR,SPACING OF MANGO --- 10 MET PLANT TO PLANT AND ROW TO ROW -10 MET,SPACING OF MANGO,Cultural Practices,KHARIF,HORTICULTURE,ODISHA
281,BALIKUDA                                          ,Vegetables,2017-07-31 19:03:33.370,Bhindi(Okra/Ladysfinger),JAGATSINGHAPUR,RECOMMENDED TO SPRAY TATAMIDA 1ML/ 3 LIT WATER FOR CONTROL OF SUCKING PEST IN BHINDI,SUCKING PEST IN BHINDI,	Plant Protection	,KHARIF,HORTICULTURE,ODISHA
282,BALIKUDA                                          ,Vegetables,2017-07-31 19:05:35.923,Brinjal,JAGATSINGHAPUR,RECOMMENDED TO SPRAY SPINOSAD 1ML/3 LIT WATER FOR CONTROL OF FRUIT BORER IN BRINJAL,FRUIT BORER IN BRINJAL,	Plant Protection	,KHARIF,HORTICULTURE,ODISHA
283,TIRTOL                                            ,Vegetables,2017-08-01 17:26:09.867,Chillies,JAGATSINGHAPUR,RECOMMENDED TO SPRAY COPPER OXICHLORIDE 30 GM + STREPTOCYCLIN  1.5 GM/ LIT WATER FOR CONTROL OF WILTING DISEASES IN CHILLIES,WILTING DISEASES IN CHILLIES,	Plant Protection	,KHARIF,HORTICULTURE,ODISHA
284,TIRTOL                                            ,Animal,2017-08-04 19:36:21.470,"Bovine(Cow,Buffalo)",JAGATSINGHAPUR,"CONTACT VETANAIRY OFFICER, JAGATSINGPUR DIST FOR DISEASES MANAGEMENT OF COW",DISEASES MANAGEMENT OF COW,Disease Management,KHARIF,ANIMAL HUSBANDRY,ODISHA
285,RAGHUNATHPUR                                      ,Cereals,2017-08-04 20:21:07.203,Paddy (Dhan),JAGATSINGHAPUR,Recommended to apply 4kg Urea + 35kg DAP + 18kg MoP per acre as basal dose of fertilizer for Paddy,Basal dose of fertilizer for Paddy,Fertilizer Use and Availability,KHARIF,AGRICULTURE,ODISHA
286,JAGATSINGHPUR                                     ,Others,2017-08-05 07:26:49.187,Others,JAGATSINGHAPUR,EXPECTED RAINFALL 9 MM OCCURS ON 8TH AUGUST 2017 IN JAGATSINGHPUR DIST,RAINFALL FORECAST IN JAGATSINGHPUR DIST,Weather,KHARIF,AGRICULTURE,ODISHA
287,TIRTOL                                            ,Cereals,2017-08-08 14:24:59.257,Paddy (Dhan),JAGATSINGHAPUR,DETAIL DATA EXPLAINED IN SRI METHOD PADDY CULTIVATION,SRI METHOD PADDY CULTIVATION,Cultural Practices,KHARIF,AGRICULTURE,ODISHA
288,TIRTOL                                            ,Cereals,2017-08-08 14:26:22.790,Paddy (Dhan),JAGATSINGHAPUR,Recommended to apply Fipronil 80% WG 20-25kg per acre at the time of puddling as a precautionary measure against Paddy stem borer,Usage and dosage of Regent,	Plant Protection	,KHARIF,AGRICULTURE,ODISHA
289,ERASAMA                                           ,Animal,2017-08-08 16:38:26.367,"Bovine(Cow,Buffalo)",JAGATSINGHAPUR,"CONTACT VETERINARY OFFICER, JAGATSINGPUR DIST FOR DAIRY PRODUCTION",DAIRY PRODUCATION,Dairy Production,KHARIF,ANIMAL HUSBANDRY,ODISHA
290,KUJANG                                            ,Vegetables,2017-08-08 19:40:58.603,Cowpea (Vegetable),JAGATSINGHAPUR,RECOMMENDED TO SPRAY VIPUAL BOOSTER 2ML/ LIT WATER FOR BETTER GROWTH AND YIELD IN COWPEA,FOR BETTER GROWTH AND YIELD IN COWPEA,Cultural Practices,KHARIF,HORTICULTURE,ODISHA
291,KUJANG                                            ,Vegetables,2017-08-08 19:44:57.427,Brinjal,JAGATSINGHAPUR,RECOMMENDED  TO SPRAY TATAMIDA 1ML/3 LIT WATER FOR CONTROL OF SUCKING PEST IN BRINJAL,SUCKING PEST IN BRINJAL,	Plant Protection	,KHARIF,HORTICULTURE,ODISHA
292,ERASAMA                                           ,Medicinal and Aromatic Plants,2017-08-09 19:35:09.080,Betel Vine,JAGATSINGHAPUR,RECOMMENDED TO SPRAY SAAF 2 GM + PLANTOMYCIN 1 GM + 1 LIT WATER,COLLAR ROT IN BETEL VINE,	Plant Protection	,KHARIF,HORTICULTURE,ODISHA
293,TIRTOL                                            ,Cereals,2017-08-09 19:57:09.890,Paddy (Dhan),JAGATSINGHAPUR,"APPLY 2,4-D SODIUM SALT @ 500 GRAM / ACRE",ALGAL BLOOM IN PADDY,Weather,KHARIF,AGRICULTURE,ODISHA
294,TIRTOL                                            ,Cereals,2017-08-10 15:57:06.973,Paddy (Dhan),JAGATSINGHAPUR,APPLY DAP @ 35 KG + MOP @ 27 KG + UREA @ 4 KG / ACRE,NUTRIENT MANAGEMENT IN PADDY,Nutrient Management,KHARIF,AGRICULTURE,ODISHA
295,BALIKUDA                                          ,Cereals,2017-08-10 18:30:56.693,Paddy (Dhan),JAGATSINGHAPUR,APPLY UREA @ 35 KG + MOP @ 27 KG / ACRE,NUTRIENT MANAGEMENT IN PADDY,Nutrient Management,KHARIF,AGRICULTURE,ODISHA
296,ERASAMA                                           ,Cereals,2017-08-11 19:52:34.163,Paddy (Dhan),JAGATSINGHAPUR,RECOMMENDED TO SPRAY NOMINEEGOLD 80 ML/20 KG SAND ACRE FOR CONTROL OF WEED MANAGEMENT OF PADDY,WEED MANAGEMENT OF PADDY,Weed Management,KHARIF,AGRICULTURE,ODISHA
297,NAUGAON                                           ,Cereals,2017-08-12 14:02:18.407,Paddy (Dhan),JAGATSINGHAPUR,"Recommended to apply 2,4-D 5odium salt 500gm per acre to control Algal bloom in Paddy in Paddy",Algal bloom in Paddy in Paddy,Weed Management,KHARIF,AGRICULTURE,ODISHA
298,ERASAMA                                           ,Vegetables,2017-08-13 08:04:39.380,Brinjal,JAGATSINGHAPUR,RECOMMENDED TO SPRAY FAME 5 ML/15 LIT WATER FOR CONTROL OF STEM BORER IN BRINJAL,STEM BORER IN BRINJAL,	Plant Protection	,KHARIF,HORTICULTURE,ODISHA
299,ERASAMA                                           ,Vegetables,2017-08-13 08:04:39.380,Brinjal,JAGATSINGHAPUR,RECOMMENDED TO SPRAY FAME 5 ML/15 LIT WATER FOR CONTROL OF STEM BORER IN BRINJAL,STEM BORER IN BRINJAL,	Plant Protection	,KHARIF,HORTICULTURE,ODISHA
300,NAUGAON                                           ,Cereals,2017-08-13 18:08:20.077,Paddy (Dhan),JAGATSINGHAPUR,RECOMMENDED TO SPRAY NOMINEE GOLD @ 80 ML / ACRE,WEED MANAGEMENT IN PADDY,Weed Management,KHARIF,AGRICULTURE,ODISHA
301,NAUGAON                                           ,Cereals,2017-08-13 18:08:20.077,Paddy (Dhan),JAGATSINGHAPUR,RECOMMENDED TO SPRAY NOMINEE GOLD @ 80 ML / ACRE,WEED MANAGEMENT IN PADDY,Weed Management,KHARIF,AGRICULTURE,ODISHA
302,JAGATSINGHPUR                                     ,Animal,2017-08-13 18:43:25.783,"Bovine(Cow,Buffalo)",JAGATSINGHAPUR,CONTACT WITH BLOCK VETERINARY OFFICER,VETERINARY QUERY,Disease Reporting,KHARIF,ANIMAL HUSBANDRY,ODISHA
303,JAGATSINGHPUR                                     ,Animal,2017-08-13 18:43:25.783,"Bovine(Cow,Buffalo)",JAGATSINGHAPUR,CONTACT WITH BLOCK VETERINARY OFFICER,VETERINARY QUERY,Disease Reporting,KHARIF,ANIMAL HUSBANDRY,ODISHA
304,BALIKUDA                                          ,Flowers,2017-08-18 16:20:18.990,Marigold,JAGATSINGHAPUR,RECOMMENDED TO SPRAY TATAMIDA 1 ML/3 LIT WATER FOR CONTROL OF SUCKING PEST IN MARI GOLD,SUCKING PEST IN MARI GOLD,	Plant Protection	,KHARIF,HORTICULTURE,ODISHA
305,ERASAMA                                           ,Vegetables,2017-08-18 20:38:31.593,Cauliflower,JAGATSINGHAPUR,"VARIETY OF CAULIFLOWER--0-KARTIKA,PUSA DIPALI,GOODMAN",VARIETY OF CAULIFLOWER,Cultural Practices,KHARIF,HORTICULTURE,ODISHA
306,ERASAMA                                           ,Medicinal and Aromatic Plants,2017-08-19 10:43:03.157,Betel Vine,JAGATSINGHAPUR,RECOMMENDED TO SPRAY ROGOR 2ML/ LIT WATER FOR CONTROL OF APHID PEST IN BETEL VINE,APHID PEST IN BETEL VINE,	Plant Protection	,KHARIF,HORTICULTURE,ODISHA
307,TIRTOL                                            ,Vegetables,2017-08-19 14:28:46.853,Bitter Gourd,JAGATSINGHAPUR,RECOMMENDED TO SPRAY CHLORPYRIFOS 2.5 ML/ 1 LIT WATER,LEAF EATING CATERPILLAR IN BITTER GOURD,	Plant Protection	,KHARIF,HORTICULTURE,ODISHA
308,RAGHUNATHPUR                                      ,Vegetables,2017-08-20 14:58:48.623,Brinjal,JAGATSINGHAPUR,RECOMMENDED TO SPRAY IMIDACLOPRID 1 ML/3 LIT WATER,LEAF CURLING IN BRINJAL,	Plant Protection	,KHARIF,HORTICULTURE,ODISHA
309,ERASAMA                                           ,Others,2017-08-20 19:53:48.847,Others,JAGATSINGHAPUR,EXPECTED RAINFALL 7 MM OCCURS ON 23RD 2017 IN JAGATSINGHPUR DIST,RAINFALL FORECAST IN JAGATSINGHPUR DIST,Weather,KHARIF,AGRICULTURE,ODISHA
310,NAUGAON                                           ,Fruits,2017-08-21 14:39:29.803,Papaya,JAGATSINGHAPUR,RECOMMENDED TO SPRAY NPK MIXTURE 100 GM/TREE GIVEN FOR BETTER GROWTH AND YIELD IN PAPAYA,FOR BETTER GROWTH AND YIELD IN PAPAYA,Cultural Practices,KHARIF,HORTICULTURE,ODISHA
311,TIRTOL                                            ,Cereals,2017-08-21 15:44:35.127,Paddy (Dhan),JAGATSINGHAPUR,DETAIL PACKAGE OF PRACTICE EXPLAINED IN SRI METHOD PADDY CULTIVATION,SRI METHOD PADDY CULTIVATION,Cultural Practices,KHARIF,AGRICULTURE,ODISHA
312,RAGHUNATHPUR                                      ,Cereals,2017-08-21 18:19:50.957,Paddy (Dhan),JAGATSINGHAPUR,DETAIL PACKAGE OF PRACTICE EXPLAINED IN SRI METHOD PADDY CULTIVATION,SRI METHOD PADDY CULTIVATION,Weed Management,KHARIF,AGRICULTURE,ODISHA
313,RAGHUNATHPUR                                      ,Cereals,2017-08-24 08:57:08.353,Paddy (Dhan),JAGATSINGHAPUR,Recommended to spray Validamycin(Sheathmar)/Hexaconazol(Contaf Plus) 2ml per litre of water to control sheath rot in Paddy,Sheath rot in Paddy,	Plant Protection	,KHARIF,AGRICULTURE,ODISHA
314,RAGHUNATHPUR                                      ,Vegetables,2017-08-24 18:33:45.230,Pointed Gourd,JAGATSINGHAPUR,RECOMMENDED TO SPRAY FANTAC PLUS 7ML/15 LIT WATER AT AFTERNOON,FLOWERING HORMONE IN POINTED GOURD,Cultural Practices,KHARIF,HORTICULTURE,ODISHA
315,BALIKUDA                                          ,Cereals,2017-08-24 19:10:09.503,Paddy (Dhan),JAGATSINGHAPUR,"APPLY 2, 4 D AMINE SALT @ 50 ML / 15 LIT OF WATER",WEED MANAGEMENT IN PADDY,Weed Management,KHARIF,AGRICULTURE,ODISHA
316,ERASAMA                                           ,Cereals,2017-08-25 18:54:24.930,Paddy (Dhan),JAGATSINGHAPUR,RECOMMENDED TO SPRAY NOMINEEGOLD 80 ML/200 LIT WATER ACRE FOR CONTROL OF WEED MANAGEMENT OF PADDY,WEED MANAGEMENT OF PADDY,Weed Management,KHARIF,AGRICULTURE,ODISHA
317,KUJANG                                            ,Cereals,2017-08-25 19:31:27.553,Paddy (Dhan),JAGATSINGHAPUR,"FERTILIZER DOSE OF PADDY -- NITROGEN-20 KG, POTASH-20 KG, PHOSPHORUS-15 KG/ACRE",FERTILIZER DOSE OF PADDY,Cultural Practices,KHARIF,AGRICULTURE,ODISHA
318,TIRTOL                                            ,Cereals,2017-08-26 08:19:14.290,Paddy (Dhan),JAGATSINGHAPUR,RECOMMENDED TO SPRAY CHLOROPYRIPHOUS 2ML/ LIT WATER FOR CONTROL OF CASE WORM IN PADDY,CASE WORM IN PADDY,	Plant Protection	,KHARIF,AGRICULTURE,ODISHA
319,JAGATSINGHPUR                                     ,Cereals,2017-08-26 16:35:09.660,Paddy (Dhan),JAGATSINGHAPUR,APPLY UREA @ 35 KG / ACRE,NUTRIENT MANAGEMENT IN PADDY,Nutrient Management,KHARIF,AGRICULTURE,ODISHA
320,JAGATSINGHPUR                                     ,Vegetables,2017-08-27 10:17:24.360,Cucumber,JAGATSINGHAPUR,RECOMMENDED TO SPRAY TATAMIDA 1ML/ 3 LIT WATER FOR CONTROL OF SUCKING PEST IN CUCUMBER,SUCKING PEST IN CUCUMBER,	Plant Protection	,KHARIF,HORTICULTURE,ODISHA
321,RAGHUNATHPUR                                      ,Vegetables,2017-08-30 15:56:29.287,Brinjal,JAGATSINGHAPUR,RECOMMENDED TO SPRAY RIDOMIL GOLD @ 2.5 GRAM / 1 LIT OF WATER,PHOMOPSIS BLIGHT IN BRINJAL,	Plant Protection	,KHARIF,HORTICULTURE,ODISHA
322,RAGHUNATHPUR                                      ,Vegetables,2017-08-30 17:18:05.257,Brinjal,JAGATSINGHAPUR,RECOMMENDED TO SPRAY RIDOMIL GOLD @ 2.5 GRAM / 1 LIT OF WATER,PHOMOPSIS BLIGHT IN BRINJAL,	Plant Protection	,KHARIF,HORTICULTURE,ODISHA
323,KUJANG                                            ,Plantation Crops,2017-09-02 17:36:52.547,Coconut,JAGATSINGHAPUR,"Fertiliser Dose for Coconut-Apply 800gm Urea,800gm SSP,1kg Potash per plant per year,half before & half after rainy season with 1-kg Steramil. Make a ring 3-ft from trunk,6-inch wide & depth,put compost with 20gm Chloropyriphos/Furadon",Coconut fertiliser management,Nutrient Management,KHARIF,HORTICULTURE,ODISHA
324,NAUGAON                                           ,Cereals,2017-09-04 19:52:56.280,Paddy (Dhan),JAGATSINGHAPUR,RECOMMENDED TO SPRAY HEXACONOZOL 2ML/LIT WATER FOR CONTROL OF STEM ROT IN PADDY,STEM ROT IN PADDY,	Plant Protection	,KHARIF,AGRICULTURE,ODISHA
325,JAGATSINGHPUR                                     ,Cereals,2017-09-07 18:11:39.730,Paddy (Dhan),JAGATSINGHAPUR,Recommended to spray Chlorpyriphos 20% EC 2.5ml per litre of water to control Grass hopper and White fly in Paddy,Grass hopper and White fly in Paddy,	Plant Protection	,KHARIF,AGRICULTURE,ODISHA
326,TIRTOL                                            ,Cereals,2017-09-09 09:15:14.030,Paddy (Dhan),JAGATSINGHAPUR,RECOMMENDED TO SPRAY COPPER OXICHLORIDE 2 GM + PLANTOMYCIN 1 GM/ LIT WATER FOR CONTROL OF BACTERIAL LEAF BLIGHT IN PADDY,BACTERIAL LEAF BLIGHT IN PADDY,	Plant Protection	,KHARIF,AGRICULTURE,ODISHA
327,BALIKUDA                                          ,Cereals,2017-09-09 09:56:45.263,Paddy (Dhan),JAGATSINGHAPUR,RECOMMENDED TO SPRAY QUAINALPHUS 2ML/ LIT WATER FOR CONTROL OF STEM BORER IN PADDY,STEM BORER IN PADDY,	Plant Protection	,KHARIF,AGRICULTURE,ODISHA
328,NAUGAON                                           ,Cereals,2017-09-09 12:39:42.843,Paddy (Dhan),JAGATSINGHAPUR,RECOMMENDED TO SPRAY COPPER OXICHLORIDE 2GM + PLANTOMYCIN 1GM/ LIT WATER FOR CONTROL OF BACTERIAL LEAF BLIGHT IN PADDY,BACTERIAL LEAF BLIGHT IN PADDY,	Plant Protection	,KHARIF,AGRICULTURE,ODISHA
329,JAGATSINGHPUR                                     ,Cereals,2017-09-09 20:53:00.923,Paddy (Dhan),JAGATSINGHAPUR,Recommended to spray Chlorpyriphos 20% EC 2.5ml per litre of water to control Paddy stem borer,Paddy stem borer,	Plant Protection	,KHARIF,AGRICULTURE,ODISHA
330,NAUGAON                                           ,Cereals,2017-09-10 09:33:20.363,Paddy (Dhan),JAGATSINGHAPUR,RECOMMENDED TO SPRAY CHLOROPYRIPHUS 2 ML/ LIT WATER FOR CONTROL OF CASE WORM IN PADDY,CASE WORM IN PADDY,	Plant Protection	,KHARIF,AGRICULTURE,ODISHA
331,NAUGAON                                           ,Cereals,2017-09-10 09:35:11.557,Paddy (Dhan),JAGATSINGHAPUR,Recommended to spray Triazophos 40% EC 2.5ml per litre of water to control Rice Hispa,Rice Hispa,	Plant Protection	,KHARIF,AGRICULTURE,ODISHA
332,ERASAMA                                           ,Vegetables,2017-09-10 12:00:39.677,Brinjal,JAGATSINGHAPUR,RECOMMENDED TO SPRAY ACEPHETE 2 GM/ LIT WATER FOR CONTROL OF LEAF CURL  IN  BRINJAL,LEAF CURL  IN  BRINJAL,	Plant Protection	,KHARIF,HORTICULTURE,ODISHA
333,JAGATSINGHPUR                                     ,Cereals,2017-09-11 20:10:26.900,Paddy (Dhan),JAGATSINGHAPUR,RECOMMENDED TO SPRAY BUFRAFEZIN 2ML/ LIT WATER FOR CONTROL OF BPH IN PADDY,BPH IN PADDY,	Plant Protection	,KHARIF,AGRICULTURE,ODISHA
334,NAUGAON                                           ,Vegetables,2017-09-11 21:20:16.393,Mushroom,JAGATSINGHAPUR,CONTACT HORTICULTURE DEPARTMENT FOR MUSHROOM CULTIVATION TRAINING,MUSHROOM CULTIVATION TRAINING,Cultural Practices,KHARIF,HORTICULTURE,ODISHA
335,TIRTOL                                            ,Vegetables,2017-09-12 18:48:49.947,Chillies,JAGATSINGHAPUR,RECOMMENDED TO SPRAY MULTI-K 7.5 GM/ LIT WATER FOR BETTER GROWTH AND YIELD IN CHILLIES,FOR BETTER GROWTH AND YIELD IN CHILLIES,Cultural Practices,KHARIF,HORTICULTURE,ODISHA
336,TIRTOL                                            ,Vegetables,2017-09-14 15:47:50.750,Brinjal,JAGATSINGHAPUR,RECOMMENDED TO SPRAY COPPER OXYCHLORIDE 2.5 GM + PLANTOMYCIN 1GM + 1 LIT WATER,WILT IN BRINJAL,	Plant Protection	,KHARIF,HORTICULTURE,ODISHA
337,TIRTOL                                            ,Cereals,2017-09-14 16:02:55.293,Paddy (Dhan),JAGATSINGHAPUR,RECOMMENDED TO SPRAY COPPER OXICHLORIDE 2 GM +PLANTOMYCIN 1 GM/ LIT WATER FOR CONTROL OF BACTERIAL LEAF BLIGHT IN PADDY,BACTERIAL LEAF BLIGHT IN PADDY,	Plant Protection	,KHARIF,AGRICULTURE,ODISHA
338,JAGATSINGHPUR                                     ,Vegetables,2017-09-14 19:41:01.923,Beans ,JAGATSINGHAPUR,RECOMMENDED TO SPRAY SAAF 2 GM/ LIT WATER FOR CONTROL OF ROOT ROT DISEASES IN BEANS,ROOT ROT DISEASES IN BEANS,	Plant Protection	,KHARIF,HORTICULTURE,ODISHA
339,TIRTOL                                            ,Cereals,2017-09-16 20:35:03.010,Paddy (Dhan),JAGATSINGHAPUR,"RECOMMENDED TO APPLY 2,4 D SODIUM SALT @ 500 GRAM",WEED MANAGEMENT IN PADDY,Weed Management,KHARIF,AGRICULTURE,ODISHA
340,KUJANG                                            ,Cereals,2017-09-18 19:57:54.603,Paddy (Dhan),JAGATSINGHAPUR,RECOMMENDED TO SPRAY QUINALPHOS @ 2.5 ML / 1 LIT OF WATER,CASE WORM IN PADDY,	Plant Protection	,KHARIF,AGRICULTURE,ODISHA
341,RAGHUNATHPUR                                      ,Cereals,2017-09-19 14:40:10.960,Paddy (Dhan),JAGATSINGHAPUR,Recommended to spray Validamycin(Sheathmar)/Hexaconazol(Contaf Plus) 2ml per litre of water to control sheath rot in Paddy,Sheath rot in Paddy,	Plant Protection	,KHARIF,AGRICULTURE,ODISHA
342,ERASAMA                                           ,Cereals,2017-09-20 18:12:01.447,Paddy (Dhan),JAGATSINGHAPUR,Recommended to spray Triazophos 40% EC 2.5ml per litre of water to control Rice Hispa,Rice Hispa,	Plant Protection	,KHARIF,AGRICULTURE,ODISHA
343,ERASAMA                                           ,Cereals,2017-09-21 17:01:39.247,Paddy (Dhan),JAGATSINGHAPUR,DETAIL PACKAGE OF PRACTICE EXPLAINED IN SRI METHOD PADDY CULTIVATION,SRI METHOD PADDY CULTIVATION,Cultural Practices,KHARIF,AGRICULTURE,ODISHA
344,JAGATSINGHPUR                                     ,Cereals,2017-09-21 19:43:19.540,Paddy (Dhan),JAGATSINGHAPUR,Recommended to spray Chlorpyrifos 20% EC 2.5ml per litre of water to control Swarming Caterpillar in Paddy,Swarming Caterpillar in Paddy,	Plant Protection	,KHARIF,AGRICULTURE,ODISHA
345,JAGATSINGHPUR                                     ,Vegetables,2017-09-22 18:48:12.940,Bhindi(Okra/Ladysfinger),JAGATSINGHAPUR,RECOMMENDED TO SPRAY RIDOMIL GOLD @ 2.5 GRAM / 1 LIT OF WATER,CERCOSPORA LEAF SPOT IN OKRA,	Plant Protection	,KHARIF,HORTICULTURE,ODISHA
346,ERASAMA                                           ,Vegetables,2017-09-23 11:13:33.313,Cauliflower,JAGATSINGHAPUR,DETAIL PACKAGE OF PRACTICE EXPLAINED IN CAULIFLOWER CULTIVATION,CAULIFLOWER CULTIVATION,Cultural Practices,KHARIF,HORTICULTURE,ODISHA
347,JAGATSINGHPUR                                     ,Vegetables,2017-09-24 08:06:12.543,Cauliflower,JAGATSINGHAPUR,"VARIETY OF CAULIFLOWER---PUSA SHUBADRA,SNOWBALL-1,MADHUMATI",VARIETY OF CAULIFLOWER,Cultural Practices,KHARIF,HORTICULTURE,ODISHA
348,JAGATSINGHPUR                                     ,Cereals,2017-09-25 13:22:09.880,Paddy (Dhan),JAGATSINGHAPUR,Recommended to spray Mancozeb 75% WP 2gm per litre of water twice at 7-10days interval to control Brown spot disease in Paddy,Brown spot disease in Paddy,	Plant Protection	,KHARIF,AGRICULTURE,ODISHA
